2021-07-13 09:15:00+00:00,banknifty,35495.25,35495.25,35340.7,35371.1,1e+100
2021-07-13 09:20:00+00:00,banknifty,35368.05,35427.7,35368.05,35424.3,1e+100
2021-07-13 09:25:00+00:00,banknifty,35425.65,35429.3,35402.95,35411.8,1e+100
2021-07-13 09:30:00+00:00,banknifty,35413.85,35413.9,35371.1,35392.9,1e+100
2021-07-13 09:35:00+00:00,banknifty,35395.05,35414.85,35383.3,35393.3,1e+100
2021-07-13 09:40:00+00:00,banknifty,35389.85,35405.75,35361.3,35405.55,1e+100
2021-07-13 09:45:00+00:00,banknifty,35404.4,35407.4,35385.45,35394.5,1e+100
2021-07-13 09:50:00+00:00,banknifty,35396.0,35418.75,35390.8,35414.75,1e+100
2021-07-13 09:55:00+00:00,banknifty,35416.25,35423.6,35405.15,35415.1,1e+100
2021-07-13 10:00:00+00:00,banknifty,35415.8,35432.05,35403.9,35416.65,1e+100
2021-07-13 10:05:00+00:00,banknifty,35417.8,35418.95,35372.35,35386.6,1e+100
2021-07-13 10:10:00+00:00,banknifty,35385.7,35397.35,35380.15,35393.55,1e+100
2021-07-13 10:15:00+00:00,banknifty,35394.05,35419.25,35392.0,35400.5,1e+100
2021-07-13 10:20:00+00:00,banknifty,35401.95,35412.6,35397.55,35401.9,1e+100
2021-07-13 10:25:00+00:00,banknifty,35403.55,35426.75,35402.35,35426.55,1e+100
2021-07-13 10:30:00+00:00,banknifty,35426.0,35433.1,35415.55,35421.95,1e+100
2021-07-13 10:35:00+00:00,banknifty,35422.25,35424.25,35392.4,35394.1,1e+100
2021-07-13 10:40:00+00:00,banknifty,35393.7,35401.9,35384.45,35399.3,1e+100
2021-07-13 10:45:00+00:00,banknifty,35398.85,35399.95,35376.15,35384.2,1e+100
2021-07-13 10:50:00+00:00,banknifty,35384.0,35390.5,35367.55,35376.35,1e+100
2021-07-13 10:55:00+00:00,banknifty,35375.85,35407.25,35370.25,35405.0,1e+100
2021-07-13 11:00:00+00:00,banknifty,35404.95,35424.8,35399.3,35410.75,1e+100
2021-07-13 11:05:00+00:00,banknifty,35409.5,35421.85,35404.85,35413.95,1e+100
2021-07-13 11:10:00+00:00,banknifty,35412.7,35430.65,35402.75,35415.45,1e+100
2021-07-13 11:15:00+00:00,banknifty,35416.7,35473.45,35414.35,35458.85,1e+100
2021-07-13 11:20:00+00:00,banknifty,35457.05,35468.1,35426.45,35434.5,1e+100
2021-07-13 11:25:00+00:00,banknifty,35434.2,35468.85,35430.0,35451.2,1e+100
2021-07-13 11:30:00+00:00,banknifty,35450.6,35476.55,35444.65,35471.15,1e+100
2021-07-13 11:35:00+00:00,banknifty,35470.7,35480.75,35463.5,35475.4,1e+100
2021-07-13 11:40:00+00:00,banknifty,35473.7,35512.95,35470.25,35511.2,1e+100
2021-07-13 11:45:00+00:00,banknifty,35516.5,35531.05,35506.6,35512.2,1e+100
2021-07-13 11:50:00+00:00,banknifty,35512.0,35557.25,35494.95,35552.25,1e+100
2021-07-13 11:55:00+00:00,banknifty,35548.55,35568.15,35537.0,35553.45,1e+100
2021-07-13 12:00:00+00:00,banknifty,35553.95,35570.4,35545.1,35566.1,1e+100
2021-07-13 12:05:00+00:00,banknifty,35565.2,35588.9,35563.4,35581.65,1e+100
2021-07-13 12:10:00+00:00,banknifty,35580.7,35617.2,35578.6,35616.7,1e+100
2021-07-13 12:15:00+00:00,banknifty,35615.6,35641.2,35596.7,35601.6,1e+100
2021-07-13 12:20:00+00:00,banknifty,35598.45,35609.55,35585.75,35585.75,1e+100
2021-07-13 12:25:00+00:00,banknifty,35588.05,35621.95,35581.9,35616.2,1e+100
2021-07-13 12:30:00+00:00,banknifty,35616.15,35647.55,35615.0,35629.55,1e+100
2021-07-13 12:35:00+00:00,banknifty,35632.45,35633.85,35605.4,35608.3,1e+100
2021-07-13 12:40:00+00:00,banknifty,35609.35,35617.3,35567.7,35614.05,1e+100
2021-07-13 12:45:00+00:00,banknifty,35615.15,35642.65,35612.85,35615.15,1e+100
2021-07-13 12:50:00+00:00,banknifty,35619.45,35634.35,35617.65,35617.65,1e+100
2021-07-13 12:55:00+00:00,banknifty,35620.3,35627.5,35610.75,35626.25,1e+100
2021-07-13 13:00:00+00:00,banknifty,35623.35,35666.9,35623.35,35653.85,1e+100
2021-07-13 13:05:00+00:00,banknifty,35655.85,35680.6,35639.3,35642.6,1e+100
2021-07-13 13:10:00+00:00,banknifty,35643.7,35661.0,35643.7,35658.5,1e+100
2021-07-13 13:15:00+00:00,banknifty,35658.75,35661.85,35633.1,35645.85,1e+100
2021-07-13 13:20:00+00:00,banknifty,35646.45,35654.2,35610.25,35623.25,1e+100
2021-07-13 13:25:00+00:00,banknifty,35621.0,35638.6,35617.35,35622.9,1e+100
2021-07-13 13:30:00+00:00,banknifty,35621.85,35685.25,35618.55,35673.8,1e+100
2021-07-13 13:35:00+00:00,banknifty,35671.55,35691.85,35671.55,35686.7,1e+100
2021-07-13 13:40:00+00:00,banknifty,35684.85,35699.25,35682.25,35688.7,1e+100
2021-07-13 13:45:00+00:00,banknifty,35687.05,35690.3,35654.3,35668.85,1e+100
2021-07-13 13:50:00+00:00,banknifty,35671.05,35693.9,35665.8,35682.3,1e+100
2021-07-13 13:55:00+00:00,banknifty,35684.7,35716.0,35676.0,35708.35,1e+100
2021-07-13 14:00:00+00:00,banknifty,35708.6,35727.85,35695.95,35695.95,1e+100
2021-07-13 14:05:00+00:00,banknifty,35695.55,35705.55,35636.95,35652.15,1e+100
2021-07-13 14:10:00+00:00,banknifty,35652.75,35705.2,35647.35,35699.55,1e+100
2021-07-13 14:15:00+00:00,banknifty,35699.3,35716.05,35695.0,35704.65,1e+100
2021-07-13 14:20:00+00:00,banknifty,35705.55,35705.55,35678.45,35699.8,1e+100
2021-07-13 14:25:00+00:00,banknifty,35699.9,35706.75,35663.4,35675.65,1e+100
2021-07-13 14:30:00+00:00,banknifty,35678.6,35690.15,35669.15,35678.85,1e+100
2021-07-13 14:35:00+00:00,banknifty,35678.6,35694.4,35651.05,35677.2,1e+100
2021-07-13 14:40:00+00:00,banknifty,35678.25,35682.8,35665.9,35675.95,1e+100
2021-07-13 14:45:00+00:00,banknifty,35676.05,35698.8,35667.05,35695.1,1e+100
2021-07-13 14:50:00+00:00,banknifty,35692.35,35697.3,35678.95,35688.05,1e+100
2021-07-13 14:55:00+00:00,banknifty,35689.05,35690.1,35666.6,35670.5,1e+100
2021-07-13 15:00:00+00:00,banknifty,35671.7,35706.25,35649.95,35669.5,1e+100
2021-07-13 15:05:00+00:00,banknifty,35668.7,35685.45,35660.2,35680.05,1e+100
2021-07-13 15:10:00+00:00,banknifty,35679.15,35692.55,35660.15,35682.3,1e+100
2021-07-13 15:15:00+00:00,banknifty,35682.4,35682.85,35665.5,35673.35,1e+100
2021-07-13 15:20:00+00:00,banknifty,35678.15,35685.05,35655.6,35661.35,1e+100
2021-07-13 15:25:00+00:00,banknifty,35659.4,35672.2,35633.85,35641.15,1e+100
2021-07-13 15:30:00+00:00,banknifty,35641.8,35673.4,35641.8,35673.4,1e+100
2021-07-14 09:05:00+00:00,banknifty,35585.85,35585.85,35585.85,35585.85,1e+100
2021-07-14 09:15:00+00:00,banknifty,35590.15,35598.05,35491.45,35530.15,1e+100
2021-07-14 09:20:00+00:00,banknifty,35527.9,35560.3,35512.3,35535.35,1e+100
2021-07-14 09:25:00+00:00,banknifty,35533.55,35548.45,35461.95,35472.45,1e+100
2021-07-14 09:30:00+00:00,banknifty,35473.25,35490.95,35434.75,35467.4,1e+100
2021-07-14 09:35:00+00:00,banknifty,35467.3,35514.4,35461.3,35506.8,1e+100
2021-07-14 09:40:00+00:00,banknifty,35506.65,35538.6,35496.5,35498.4,1e+100
2021-07-14 09:45:00+00:00,banknifty,35498.6,35514.4,35481.35,35499.4,1e+100
2021-07-14 09:50:00+00:00,banknifty,35501.55,35504.2,35464.95,35473.25,1e+100
2021-07-14 09:55:00+00:00,banknifty,35473.8,35489.6,35460.9,35479.05,1e+100
2021-07-14 10:00:00+00:00,banknifty,35479.0,35502.45,35467.1,35491.75,1e+100
2021-07-14 10:05:00+00:00,banknifty,35491.15,35508.3,35488.95,35506.3,1e+100
2021-07-14 10:10:00+00:00,banknifty,35506.05,35513.45,35490.9,35499.4,1e+100
2021-07-14 10:15:00+00:00,banknifty,35497.45,35500.0,35472.0,35489.75,1e+100
2021-07-14 10:20:00+00:00,banknifty,35490.3,35498.4,35474.75,35489.55,1e+100
2021-07-14 10:25:00+00:00,banknifty,35489.8,35537.95,35488.6,35512.6,1e+100
2021-07-14 10:30:00+00:00,banknifty,35513.3,35546.9,35512.2,35546.9,1e+100
2021-07-14 10:35:00+00:00,banknifty,35545.5,35616.45,35545.3,35609.95,1e+100
2021-07-14 10:40:00+00:00,banknifty,35617.25,35669.8,35606.65,35661.85,1e+100
2021-07-14 10:45:00+00:00,banknifty,35662.1,35683.0,35652.2,35661.35,1e+100
2021-07-14 10:50:00+00:00,banknifty,35658.3,35690.15,35637.5,35689.3,1e+100
2021-07-14 10:55:00+00:00,banknifty,35687.6,35707.0,35681.05,35681.05,1e+100
2021-07-14 11:00:00+00:00,banknifty,35681.7,35693.9,35653.2,35664.5,1e+100
2021-07-14 11:05:00+00:00,banknifty,35666.3,35689.8,35661.85,35685.85,1e+100
2021-07-14 11:10:00+00:00,banknifty,35688.9,35718.1,35686.95,35701.15,1e+100
2021-07-14 11:15:00+00:00,banknifty,35700.6,35702.0,35674.1,35677.5,1e+100
2021-07-14 11:20:00+00:00,banknifty,35678.5,35685.05,35671.95,35682.0,1e+100
2021-07-14 11:25:00+00:00,banknifty,35679.65,35690.0,35677.9,35687.35,1e+100
2021-07-14 11:30:00+00:00,banknifty,35689.25,35690.7,35649.05,35669.4,1e+100
2021-07-14 11:35:00+00:00,banknifty,35672.1,35680.3,35661.05,35665.3,1e+100
2021-07-14 11:40:00+00:00,banknifty,35664.8,35669.3,35653.95,35655.55,1e+100
2021-07-14 11:45:00+00:00,banknifty,35661.2,35685.3,35647.55,35685.3,1e+100
2021-07-14 11:50:00+00:00,banknifty,35682.9,35694.35,35674.85,35678.65,1e+100
2021-07-14 11:55:00+00:00,banknifty,35679.0,35686.5,35672.2,35680.65,1e+100
2021-07-14 12:00:00+00:00,banknifty,35680.05,35692.2,35662.0,35662.0,1e+100
2021-07-14 12:05:00+00:00,banknifty,35665.25,35669.25,35622.75,35652.35,1e+100
2021-07-14 12:10:00+00:00,banknifty,35653.4,35669.8,35650.2,35656.6,1e+100
2021-07-14 12:15:00+00:00,banknifty,35657.0,35679.35,35654.6,35674.8,1e+100
2021-07-14 12:20:00+00:00,banknifty,35672.45,35698.1,35659.6,35670.95,1e+100
2021-07-14 12:25:00+00:00,banknifty,35671.9,35681.95,35653.4,35674.95,1e+100
2021-07-14 12:30:00+00:00,banknifty,35676.0,35707.7,35664.2,35678.7,1e+100
2021-07-14 12:35:00+00:00,banknifty,35679.6,35691.35,35635.1,35690.2,1e+100
2021-07-14 12:40:00+00:00,banknifty,35689.9,35707.6,35680.2,35707.6,1e+100
2021-07-14 12:45:00+00:00,banknifty,35699.85,35758.15,35697.95,35752.95,1e+100
2021-07-14 12:50:00+00:00,banknifty,35754.5,35772.3,35726.9,35736.9,1e+100
2021-07-14 12:55:00+00:00,banknifty,35738.4,35757.5,35729.8,35742.25,1e+100
2021-07-14 13:00:00+00:00,banknifty,35741.25,35777.85,35741.25,35775.6,1e+100
2021-07-14 13:05:00+00:00,banknifty,35774.95,35796.95,35773.5,35775.1,1e+100
2021-07-14 13:10:00+00:00,banknifty,35776.9,35804.05,35772.0,35800.45,1e+100
2021-07-14 13:15:00+00:00,banknifty,35798.7,35803.45,35744.55,35755.3,1e+100
2021-07-14 13:20:00+00:00,banknifty,35756.7,35756.7,35739.4,35752.95,1e+100
2021-07-14 13:25:00+00:00,banknifty,35752.85,35755.65,35731.95,35745.5,1e+100
2021-07-14 13:30:00+00:00,banknifty,35745.25,35746.05,35698.3,35720.1,1e+100
2021-07-14 13:35:00+00:00,banknifty,35719.8,35723.5,35700.0,35713.4,1e+100
2021-07-14 13:40:00+00:00,banknifty,35710.65,35719.6,35699.3,35719.05,1e+100
2021-07-14 13:45:00+00:00,banknifty,35718.0,35719.7,35651.75,35687.05,1e+100
2021-07-14 13:50:00+00:00,banknifty,35686.2,35725.75,35681.85,35719.65,1e+100
2021-07-14 13:55:00+00:00,banknifty,35720.1,35731.45,35704.25,35716.35,1e+100
2021-07-14 14:00:00+00:00,banknifty,35716.15,35721.95,35686.8,35694.9,1e+100
2021-07-14 14:05:00+00:00,banknifty,35696.2,35716.55,35689.5,35714.4,1e+100
2021-07-14 14:10:00+00:00,banknifty,35715.3,35717.5,35697.95,35714.9,1e+100
2021-07-14 14:15:00+00:00,banknifty,35715.5,35715.5,35681.65,35691.55,1e+100
2021-07-14 14:20:00+00:00,banknifty,35689.05,35712.5,35685.55,35707.5,1e+100
2021-07-14 14:25:00+00:00,banknifty,35707.3,35710.6,35678.5,35680.1,1e+100
2021-07-14 14:30:00+00:00,banknifty,35677.9,35703.05,35655.4,35688.45,1e+100
2021-07-14 14:35:00+00:00,banknifty,35687.75,35703.75,35681.65,35683.1,1e+100
2021-07-14 14:40:00+00:00,banknifty,35682.5,35689.8,35675.85,35681.55,1e+100
2021-07-14 14:45:00+00:00,banknifty,35681.15,35725.35,35674.5,35718.9,1e+100
2021-07-14 14:50:00+00:00,banknifty,35714.55,35723.9,35692.35,35703.15,1e+100
2021-07-14 14:55:00+00:00,banknifty,35703.2,35710.55,35694.5,35702.25,1e+100
2021-07-14 15:00:00+00:00,banknifty,35701.75,35711.35,35689.1,35711.1,1e+100
2021-07-14 15:05:00+00:00,banknifty,35706.25,35710.1,35686.5,35693.15,1e+100
2021-07-14 15:10:00+00:00,banknifty,35692.5,35702.85,35687.7,35691.65,1e+100
2021-07-14 15:15:00+00:00,banknifty,35686.45,35700.15,35673.6,35676.6,1e+100
2021-07-14 15:20:00+00:00,banknifty,35676.55,35694.6,35608.5,35615.75,1e+100
2021-07-14 15:25:00+00:00,banknifty,35614.05,35648.85,35600.7,35643.1,1e+100
2021-07-14 15:30:00+00:00,banknifty,35644.5,35668.25,35644.5,35668.25,1e+100
2021-07-15 09:05:00+00:00,banknifty,35757.45,35757.45,35757.45,35757.45,1e+100
2021-07-15 09:15:00+00:00,banknifty,35766.75,35766.75,35625.7,35702.95,1e+100
2021-07-15 09:20:00+00:00,banknifty,35702.9,35746.05,35690.3,35728.5,1e+100
2021-07-15 09:25:00+00:00,banknifty,35725.95,35756.2,35722.9,35740.65,1e+100
2021-07-15 09:30:00+00:00,banknifty,35740.6,35764.5,35724.1,35758.0,1e+100
2021-07-15 09:35:00+00:00,banknifty,35756.35,35780.9,35749.05,35753.8,1e+100
2021-07-15 09:40:00+00:00,banknifty,35758.4,35777.65,35749.5,35774.95,1e+100
2021-07-15 09:45:00+00:00,banknifty,35770.35,35795.45,35766.6,35786.1,1e+100
2021-07-15 09:50:00+00:00,banknifty,35785.65,35802.3,35768.65,35773.35,1e+100
2021-07-15 09:55:00+00:00,banknifty,35771.7,35783.35,35736.1,35779.75,1e+100
2021-07-15 10:00:00+00:00,banknifty,35783.35,35783.35,35754.25,35770.75,1e+100
2021-07-15 10:05:00+00:00,banknifty,35772.15,35778.8,35753.4,35756.85,1e+100
2021-07-15 10:10:00+00:00,banknifty,35756.75,35778.65,35745.35,35772.45,1e+100
2021-07-15 10:15:00+00:00,banknifty,35771.6,35783.15,35757.85,35767.35,1e+100
2021-07-15 10:20:00+00:00,banknifty,35767.1,35794.8,35760.9,35789.9,1e+100
2021-07-15 10:25:00+00:00,banknifty,35788.0,35792.3,35774.45,35774.45,1e+100
2021-07-15 10:30:00+00:00,banknifty,35774.1,35781.95,35768.45,35779.25,1e+100
2021-07-15 10:35:00+00:00,banknifty,35777.45,35843.1,35769.55,35839.0,1e+100
2021-07-15 10:40:00+00:00,banknifty,35841.15,35927.3,35839.5,35906.3,1e+100
2021-07-15 10:45:00+00:00,banknifty,35906.05,35941.05,35893.45,35899.45,1e+100
2021-07-15 10:50:00+00:00,banknifty,35894.85,35930.3,35881.15,35913.6,1e+100
2021-07-15 10:55:00+00:00,banknifty,35915.15,35947.45,35913.0,35924.95,1e+100
2021-07-15 11:00:00+00:00,banknifty,35925.75,35933.65,35913.2,35926.1,1e+100
2021-07-15 11:05:00+00:00,banknifty,35927.55,35943.4,35925.25,35943.05,1e+100
2021-07-15 11:10:00+00:00,banknifty,35943.35,35960.6,35939.2,35951.1,1e+100
2021-07-15 11:15:00+00:00,banknifty,35954.5,35974.1,35947.25,35966.4,1e+100
2021-07-15 11:20:00+00:00,banknifty,35968.05,35969.5,35950.1,35962.1,1e+100
2021-07-15 11:25:00+00:00,banknifty,35965.85,35985.25,35955.85,35979.65,1e+100
2021-07-15 11:30:00+00:00,banknifty,35979.9,35979.9,35946.45,35958.2,1e+100
2021-07-15 11:35:00+00:00,banknifty,35956.8,35963.45,35942.9,35942.9,1e+100
2021-07-15 11:40:00+00:00,banknifty,35946.95,35957.95,35932.4,35950.3,1e+100
2021-07-15 11:45:00+00:00,banknifty,35952.6,35954.2,35921.85,35931.1,1e+100
2021-07-15 11:50:00+00:00,banknifty,35930.95,35934.3,35905.0,35910.2,1e+100
2021-07-15 11:55:00+00:00,banknifty,35910.5,35935.3,35904.65,35934.35,1e+100
2021-07-15 12:00:00+00:00,banknifty,35934.0,35961.8,35932.85,35954.85,1e+100
2021-07-15 12:05:00+00:00,banknifty,35954.55,35958.6,35941.65,35953.35,1e+100
2021-07-15 12:10:00+00:00,banknifty,35957.5,35967.85,35948.05,35953.0,1e+100
2021-07-15 12:15:00+00:00,banknifty,35950.8,35954.85,35922.95,35945.3,1e+100
2021-07-15 12:20:00+00:00,banknifty,35944.2,35961.45,35940.5,35957.7,1e+100
2021-07-15 12:25:00+00:00,banknifty,35958.45,35964.7,35950.35,35953.9,1e+100
2021-07-15 12:30:00+00:00,banknifty,35955.3,35981.0,35935.35,35957.9,1e+100
2021-07-15 12:35:00+00:00,banknifty,35959.35,35965.35,35947.25,35951.0,1e+100
2021-07-15 12:40:00+00:00,banknifty,35950.3,35955.05,35934.9,35936.2,1e+100
2021-07-15 12:45:00+00:00,banknifty,35939.65,35940.95,35864.85,35867.15,1e+100
2021-07-15 12:50:00+00:00,banknifty,35866.15,35887.75,35833.6,35841.35,1e+100
2021-07-15 12:55:00+00:00,banknifty,35843.05,35854.7,35812.3,35837.6,1e+100
2021-07-15 13:00:00+00:00,banknifty,35837.5,35871.95,35818.15,35868.55,1e+100
2021-07-15 13:05:00+00:00,banknifty,35871.25,35906.9,35866.1,35905.35,1e+100
2021-07-15 13:10:00+00:00,banknifty,35905.7,35913.45,35887.85,35891.8,1e+100
2021-07-15 13:15:00+00:00,banknifty,35891.2,35913.55,35887.45,35898.75,1e+100
2021-07-15 13:20:00+00:00,banknifty,35900.2,35917.15,35881.25,35886.4,1e+100
2021-07-15 13:25:00+00:00,banknifty,35885.75,35887.95,35846.05,35860.3,1e+100
2021-07-15 13:30:00+00:00,banknifty,35858.6,35866.4,35837.1,35843.6,1e+100
2021-07-15 13:35:00+00:00,banknifty,35840.2,35879.4,35840.2,35867.65,1e+100
2021-07-15 13:40:00+00:00,banknifty,35864.5,35909.2,35864.45,35886.35,1e+100
2021-07-15 13:45:00+00:00,banknifty,35885.75,35904.8,35881.55,35894.3,1e+100
2021-07-15 13:50:00+00:00,banknifty,35894.2,35951.55,35887.75,35950.9,1e+100
2021-07-15 13:55:00+00:00,banknifty,35951.8,35952.95,35918.4,35920.75,1e+100
2021-07-15 14:00:00+00:00,banknifty,35919.0,35929.9,35875.9,35929.1,1e+100
2021-07-15 14:05:00+00:00,banknifty,35928.95,35942.55,35906.6,35911.95,1e+100
2021-07-15 14:10:00+00:00,banknifty,35911.75,35927.55,35902.45,35926.8,1e+100
2021-07-15 14:15:00+00:00,banknifty,35927.25,35935.4,35906.75,35928.0,1e+100
2021-07-15 14:20:00+00:00,banknifty,35928.05,35938.4,35900.75,35936.75,1e+100
2021-07-15 14:25:00+00:00,banknifty,35937.45,35943.05,35910.15,35928.0,1e+100
2021-07-15 14:30:00+00:00,banknifty,35929.05,35941.15,35911.1,35911.1,1e+100
2021-07-15 14:35:00+00:00,banknifty,35911.25,35920.7,35884.05,35892.75,1e+100
2021-07-15 14:40:00+00:00,banknifty,35898.15,35923.1,35888.0,35895.1,1e+100
2021-07-15 14:45:00+00:00,banknifty,35896.2,35896.7,35850.85,35854.3,1e+100
2021-07-15 14:50:00+00:00,banknifty,35854.0,35881.6,35852.1,35875.85,1e+100
2021-07-15 14:55:00+00:00,banknifty,35874.3,35874.6,35842.55,35856.6,1e+100
2021-07-15 15:00:00+00:00,banknifty,35860.1,35920.55,35855.4,35916.75,1e+100
2021-07-15 15:05:00+00:00,banknifty,35921.95,35934.5,35906.1,35921.7,1e+100
2021-07-15 15:10:00+00:00,banknifty,35923.5,35925.5,35879.45,35898.1,1e+100
2021-07-15 15:15:00+00:00,banknifty,35893.6,35909.55,35892.35,35898.1,1e+100
2021-07-15 15:20:00+00:00,banknifty,35902.95,35921.85,35895.3,35906.95,1e+100
2021-07-15 15:25:00+00:00,banknifty,35905.9,35924.7,35892.75,35901.7,1e+100
2021-07-15 15:30:00+00:00,banknifty,35894.9,35907.65,35894.9,35907.65,1e+100
2021-07-16 09:05:00+00:00,banknifty,35977.95,35977.95,35977.95,35977.95,1e+100
2021-07-16 09:15:00+00:00,banknifty,35952.7,35967.05,35815.1,35838.25,1e+100
2021-07-16 09:20:00+00:00,banknifty,35835.95,35862.45,35798.65,35862.45,1e+100
2021-07-16 09:25:00+00:00,banknifty,35861.15,35927.95,35859.4,35908.8,1e+100
2021-07-16 09:30:00+00:00,banknifty,35905.25,35916.8,35825.05,35831.3,1e+100
2021-07-16 09:35:00+00:00,banknifty,35827.35,35872.65,35827.35,35864.65,1e+100
2021-07-16 09:40:00+00:00,banknifty,35864.85,35890.55,35860.05,35873.25,1e+100
2021-07-16 09:45:00+00:00,banknifty,35869.7,35889.15,35842.8,35844.6,1e+100
2021-07-16 09:50:00+00:00,banknifty,35845.7,35876.3,35809.2,35865.6,1e+100
2021-07-16 09:55:00+00:00,banknifty,35867.65,35869.95,35825.95,35845.65,1e+100
2021-07-16 10:00:00+00:00,banknifty,35846.85,35850.25,35755.35,35767.1,1e+100
2021-07-16 10:05:00+00:00,banknifty,35769.35,35788.8,35702.9,35772.1,1e+100
2021-07-16 10:10:00+00:00,banknifty,35771.15,35807.3,35762.95,35783.7,1e+100
2021-07-16 10:15:00+00:00,banknifty,35784.95,35796.95,35769.65,35781.15,1e+100
2021-07-16 10:20:00+00:00,banknifty,35781.55,35786.8,35736.35,35749.45,1e+100
2021-07-16 10:25:00+00:00,banknifty,35748.95,35766.9,35744.5,35757.65,1e+100
2021-07-16 10:30:00+00:00,banknifty,35756.4,35803.15,35754.9,35792.05,1e+100
2021-07-16 10:35:00+00:00,banknifty,35793.5,35835.5,35790.45,35806.85,1e+100
2021-07-16 10:40:00+00:00,banknifty,35806.5,35823.75,35802.1,35813.35,1e+100
2021-07-16 10:45:00+00:00,banknifty,35815.5,35822.4,35793.95,35796.4,1e+100
2021-07-16 10:50:00+00:00,banknifty,35794.95,35816.45,35794.95,35807.95,1e+100
2021-07-16 10:55:00+00:00,banknifty,35803.85,35808.3,35777.05,35788.25,1e+100
2021-07-16 11:00:00+00:00,banknifty,35792.4,35800.6,35784.75,35796.15,1e+100
2021-07-16 11:05:00+00:00,banknifty,35795.65,35834.5,35795.25,35827.5,1e+100
2021-07-16 11:10:00+00:00,banknifty,35826.5,35843.1,35819.65,35840.6,1e+100
2021-07-16 11:15:00+00:00,banknifty,35840.1,35852.0,35821.85,35849.55,1e+100
2021-07-16 11:20:00+00:00,banknifty,35852.8,35857.9,35816.6,35816.65,1e+100
2021-07-16 11:25:00+00:00,banknifty,35818.85,35827.85,35803.6,35809.35,1e+100
2021-07-16 11:30:00+00:00,banknifty,35811.4,35812.85,35775.1,35801.65,1e+100
2021-07-16 11:35:00+00:00,banknifty,35802.5,35812.6,35760.5,35765.3,1e+100
2021-07-16 11:40:00+00:00,banknifty,35764.9,35792.85,35751.15,35784.25,1e+100
2021-07-16 11:45:00+00:00,banknifty,35788.55,35797.45,35773.4,35774.55,1e+100
2021-07-16 11:50:00+00:00,banknifty,35773.0,35787.15,35768.3,35783.85,1e+100
2021-07-16 11:55:00+00:00,banknifty,35777.9,35790.35,35761.85,35766.65,1e+100
2021-07-16 12:00:00+00:00,banknifty,35766.4,35770.55,35730.3,35730.3,1e+100
2021-07-16 12:05:00+00:00,banknifty,35735.25,35747.3,35692.0,35742.4,1e+100
2021-07-16 12:10:00+00:00,banknifty,35739.4,35762.6,35729.55,35732.35,1e+100
2021-07-16 12:15:00+00:00,banknifty,35735.1,35738.0,35707.25,35724.05,1e+100
2021-07-16 12:20:00+00:00,banknifty,35728.2,35728.2,35696.1,35696.1,1e+100
2021-07-16 12:25:00+00:00,banknifty,35696.05,35728.95,35688.1,35721.55,1e+100
2021-07-16 12:30:00+00:00,banknifty,35723.5,35745.65,35716.85,35728.55,1e+100
2021-07-16 12:35:00+00:00,banknifty,35727.75,35742.9,35712.15,35731.9,1e+100
2021-07-16 12:40:00+00:00,banknifty,35726.65,35758.4,35725.2,35743.35,1e+100
2021-07-16 12:45:00+00:00,banknifty,35745.85,35754.5,35733.4,35738.35,1e+100
2021-07-16 12:50:00+00:00,banknifty,35739.15,35749.1,35727.35,35730.75,1e+100
2021-07-16 12:55:00+00:00,banknifty,35730.95,35746.55,35728.15,35737.1,1e+100
2021-07-16 13:00:00+00:00,banknifty,35741.0,35743.55,35704.7,35716.5,1e+100
2021-07-16 13:05:00+00:00,banknifty,35716.3,35781.5,35716.3,35781.4,1e+100
2021-07-16 13:10:00+00:00,banknifty,35779.1,35788.1,35766.35,35770.65,1e+100
2021-07-16 13:15:00+00:00,banknifty,35771.65,35784.3,35761.4,35766.0,1e+100
2021-07-16 13:20:00+00:00,banknifty,35765.65,35774.45,35757.0,35758.1,1e+100
2021-07-16 13:25:00+00:00,banknifty,35760.9,35771.8,35729.7,35744.0,1e+100
2021-07-16 13:30:00+00:00,banknifty,35750.6,35759.6,35731.9,35738.8,1e+100
2021-07-16 13:35:00+00:00,banknifty,35741.95,35747.25,35715.55,35719.05,1e+100
2021-07-16 13:40:00+00:00,banknifty,35720.0,35741.6,35707.0,35707.25,1e+100
2021-07-16 13:45:00+00:00,banknifty,35706.55,35731.5,35705.8,35728.05,1e+100
2021-07-16 13:50:00+00:00,banknifty,35730.5,35736.7,35675.0,35712.3,1e+100
2021-07-16 13:55:00+00:00,banknifty,35710.85,35712.3,35686.05,35691.25,1e+100
2021-07-16 14:00:00+00:00,banknifty,35690.35,35739.3,35674.75,35721.45,1e+100
2021-07-16 14:05:00+00:00,banknifty,35715.75,35720.4,35688.05,35706.05,1e+100
2021-07-16 14:10:00+00:00,banknifty,35706.25,35748.1,35705.7,35743.6,1e+100
2021-07-16 14:15:00+00:00,banknifty,35744.65,35756.45,35731.55,35746.7,1e+100
2021-07-16 14:20:00+00:00,banknifty,35745.75,35790.35,35745.0,35771.45,1e+100
2021-07-16 14:25:00+00:00,banknifty,35781.25,35790.7,35754.45,35765.15,1e+100
2021-07-16 14:30:00+00:00,banknifty,35766.0,35776.95,35751.3,35764.45,1e+100
2021-07-16 14:35:00+00:00,banknifty,35764.9,35786.15,35750.75,35779.05,1e+100
2021-07-16 14:40:00+00:00,banknifty,35776.95,35796.8,35774.95,35787.2,1e+100
2021-07-16 14:45:00+00:00,banknifty,35788.15,35799.25,35748.25,35782.8,1e+100
2021-07-16 14:50:00+00:00,banknifty,35779.35,35818.15,35773.2,35786.55,1e+100
2021-07-16 14:55:00+00:00,banknifty,35784.1,35789.65,35763.95,35780.15,1e+100
2021-07-16 15:00:00+00:00,banknifty,35788.3,35788.3,35746.9,35763.55,1e+100
2021-07-16 15:05:00+00:00,banknifty,35762.65,35772.2,35750.4,35769.0,1e+100
2021-07-16 15:10:00+00:00,banknifty,35766.8,35777.3,35757.1,35759.55,1e+100
2021-07-16 15:15:00+00:00,banknifty,35762.3,35768.65,35727.45,35732.2,1e+100
2021-07-16 15:20:00+00:00,banknifty,35731.45,35759.95,35729.2,35749.8,1e+100
2021-07-16 15:25:00+00:00,banknifty,35748.55,35763.2,35741.05,35755.9,1e+100
2021-07-16 15:30:00+00:00,banknifty,35752.05,35752.05,35751.8,35751.8,1e+100
2021-07-19 09:05:00+00:00,banknifty,35070.5,35070.5,35070.5,35070.5,1e+100
2021-07-19 09:15:00+00:00,banknifty,35125.85,35301.4,35010.3,35206.45,1e+100
2021-07-19 09:20:00+00:00,banknifty,35210.65,35235.3,35179.5,35233.5,1e+100
2021-07-19 09:25:00+00:00,banknifty,35232.45,35270.05,35199.0,35262.5,1e+100
2021-07-19 09:30:00+00:00,banknifty,35262.0,35272.4,35232.45,35250.2,1e+100
2021-07-19 09:35:00+00:00,banknifty,35252.25,35310.95,35224.35,35310.0,1e+100
2021-07-19 09:40:00+00:00,banknifty,35307.8,35324.2,35293.05,35293.05,1e+100
2021-07-19 09:45:00+00:00,banknifty,35300.85,35311.8,35274.3,35301.65,1e+100
2021-07-19 09:50:00+00:00,banknifty,35299.5,35342.0,35295.45,35330.55,1e+100
2021-07-19 09:55:00+00:00,banknifty,35332.55,35340.3,35315.25,35328.1,1e+100
2021-07-19 10:00:00+00:00,banknifty,35328.0,35347.05,35300.75,35345.3,1e+100
2021-07-19 10:05:00+00:00,banknifty,35340.7,35342.8,35306.35,35312.75,1e+100
2021-07-19 10:10:00+00:00,banknifty,35314.15,35328.8,35289.95,35289.95,1e+100
2021-07-19 10:15:00+00:00,banknifty,35286.9,35314.4,35279.75,35290.1,1e+100
2021-07-19 10:20:00+00:00,banknifty,35290.7,35302.8,35276.7,35298.9,1e+100
2021-07-19 10:25:00+00:00,banknifty,35298.8,35313.85,35273.55,35283.3,1e+100
2021-07-19 10:30:00+00:00,banknifty,35285.1,35295.6,35273.15,35292.65,1e+100
2021-07-19 10:35:00+00:00,banknifty,35292.35,35320.25,35280.95,35311.05,1e+100
2021-07-19 10:40:00+00:00,banknifty,35311.4,35311.4,35296.65,35305.75,1e+100
2021-07-19 10:45:00+00:00,banknifty,35306.75,35318.65,35296.2,35306.85,1e+100
2021-07-19 10:50:00+00:00,banknifty,35306.8,35313.45,35295.65,35301.45,1e+100
2021-07-19 10:55:00+00:00,banknifty,35300.1,35301.35,35255.25,35263.6,1e+100
2021-07-19 11:00:00+00:00,banknifty,35265.55,35289.35,35260.2,35285.75,1e+100
2021-07-19 11:05:00+00:00,banknifty,35286.15,35286.45,35265.05,35277.6,1e+100
2021-07-19 11:10:00+00:00,banknifty,35276.25,35277.4,35254.3,35263.75,1e+100
2021-07-19 11:15:00+00:00,banknifty,35264.4,35272.55,35233.7,35245.3,1e+100
2021-07-19 11:20:00+00:00,banknifty,35246.9,35246.9,35222.65,35225.5,1e+100
2021-07-19 11:25:00+00:00,banknifty,35224.95,35236.6,35212.75,35216.2,1e+100
2021-07-19 11:30:00+00:00,banknifty,35214.6,35234.6,35205.15,35232.05,1e+100
2021-07-19 11:35:00+00:00,banknifty,35229.65,35252.1,35224.05,35245.8,1e+100
2021-07-19 11:40:00+00:00,banknifty,35246.5,35248.4,35220.0,35226.4,1e+100
2021-07-19 11:45:00+00:00,banknifty,35224.1,35224.1,35203.75,35210.75,1e+100
2021-07-19 11:50:00+00:00,banknifty,35212.2,35215.5,35156.35,35186.45,1e+100
2021-07-19 11:55:00+00:00,banknifty,35185.7,35186.6,35168.25,35177.05,1e+100
2021-07-19 12:00:00+00:00,banknifty,35178.45,35178.45,35162.0,35169.2,1e+100
2021-07-19 12:05:00+00:00,banknifty,35169.7,35197.35,35163.2,35188.9,1e+100
2021-07-19 12:10:00+00:00,banknifty,35187.75,35189.55,35171.15,35186.35,1e+100
2021-07-19 12:15:00+00:00,banknifty,35187.95,35188.7,35158.25,35166.1,1e+100
2021-07-19 12:20:00+00:00,banknifty,35168.4,35179.55,35162.4,35171.7,1e+100
2021-07-19 12:25:00+00:00,banknifty,35172.45,35172.45,35145.65,35158.2,1e+100
2021-07-19 12:30:00+00:00,banknifty,35157.65,35158.3,35131.1,35148.7,1e+100
2021-07-19 12:35:00+00:00,banknifty,35152.3,35153.85,35099.3,35101.05,1e+100
2021-07-19 12:40:00+00:00,banknifty,35104.9,35104.9,35042.3,35046.5,1e+100
2021-07-19 12:45:00+00:00,banknifty,35048.15,35069.25,35017.25,35027.85,1e+100
2021-07-19 12:50:00+00:00,banknifty,35025.5,35033.85,34968.8,34969.45,1e+100
2021-07-19 12:55:00+00:00,banknifty,34965.8,34976.45,34942.55,34960.15,1e+100
2021-07-19 13:00:00+00:00,banknifty,34962.45,34983.05,34952.15,34957.65,1e+100
2021-07-19 13:05:00+00:00,banknifty,34957.45,34957.45,34904.2,34911.8,1e+100
2021-07-19 13:10:00+00:00,banknifty,34914.35,34984.7,34899.2,34981.3,1e+100
2021-07-19 13:15:00+00:00,banknifty,34979.2,35008.95,34969.9,34995.3,1e+100
2021-07-19 13:20:00+00:00,banknifty,34996.35,35015.9,34990.8,35015.9,1e+100
2021-07-19 13:25:00+00:00,banknifty,35017.1,35021.8,35003.75,35006.95,1e+100
2021-07-19 13:30:00+00:00,banknifty,35008.5,35032.45,35004.7,35027.65,1e+100
2021-07-19 13:35:00+00:00,banknifty,35031.0,35059.85,35022.1,35037.1,1e+100
2021-07-19 13:40:00+00:00,banknifty,35037.5,35051.9,35019.95,35041.85,1e+100
2021-07-19 13:45:00+00:00,banknifty,35042.4,35046.3,35025.5,35033.45,1e+100
2021-07-19 13:50:00+00:00,banknifty,35034.5,35053.65,35026.75,35032.8,1e+100
2021-07-19 13:55:00+00:00,banknifty,35034.25,35044.05,35017.85,35032.1,1e+100
2021-07-19 14:00:00+00:00,banknifty,35033.6,35094.85,35033.6,35068.5,1e+100
2021-07-19 14:05:00+00:00,banknifty,35069.25,35070.9,35033.4,35033.4,1e+100
2021-07-19 14:10:00+00:00,banknifty,35032.2,35035.7,35017.4,35025.9,1e+100
2021-07-19 14:15:00+00:00,banknifty,35027.6,35027.6,34995.85,34999.65,1e+100
2021-07-19 14:20:00+00:00,banknifty,35000.4,35031.6,34976.9,35025.95,1e+100
2021-07-19 14:25:00+00:00,banknifty,35026.25,35045.55,35004.4,35026.45,1e+100
2021-07-19 14:30:00+00:00,banknifty,35026.05,35027.35,34997.8,35006.85,1e+100
2021-07-19 14:35:00+00:00,banknifty,35006.0,35010.25,34975.65,34978.8,1e+100
2021-07-19 14:40:00+00:00,banknifty,34979.5,34983.45,34948.65,34950.3,1e+100
2021-07-19 14:45:00+00:00,banknifty,34951.9,35016.2,34944.4,35005.1,1e+100
2021-07-19 14:50:00+00:00,banknifty,35007.55,35045.15,35007.55,35026.95,1e+100
2021-07-19 14:55:00+00:00,banknifty,35027.6,35048.0,35012.7,35043.2,1e+100
2021-07-19 15:00:00+00:00,banknifty,35046.85,35067.4,35014.25,35066.1,1e+100
2021-07-19 15:05:00+00:00,banknifty,35067.85,35076.0,35040.15,35066.8,1e+100
2021-07-19 15:10:00+00:00,banknifty,35067.0,35098.6,35055.8,35092.95,1e+100
2021-07-19 15:15:00+00:00,banknifty,35092.2,35105.4,35074.95,35093.3,1e+100
2021-07-19 15:20:00+00:00,banknifty,35093.05,35126.3,35090.05,35116.65,1e+100
2021-07-19 15:25:00+00:00,banknifty,35111.25,35121.05,35087.3,35098.4,1e+100
2021-07-19 15:30:00+00:00,banknifty,35095.55,35095.55,35079.2,35079.2,1e+100
2021-07-20 09:05:00+00:00,banknifty,34791.15,34791.15,34791.15,34791.15,1e+100
2021-07-20 09:15:00+00:00,banknifty,34844.35,34894.15,34706.65,34723.05,1e+100
2021-07-20 09:20:00+00:00,banknifty,34719.15,34734.45,34681.7,34730.1,1e+100
2021-07-20 09:25:00+00:00,banknifty,34728.15,34747.6,34703.9,34744.05,1e+100
2021-07-20 09:30:00+00:00,banknifty,34743.1,34743.1,34613.1,34622.35,1e+100
2021-07-20 09:35:00+00:00,banknifty,34620.8,34621.9,34511.55,34583.3,1e+100
2021-07-20 09:40:00+00:00,banknifty,34583.95,34644.55,34583.95,34634.8,1e+100
2021-07-20 09:45:00+00:00,banknifty,34634.05,34641.25,34591.8,34591.8,1e+100
2021-07-20 09:50:00+00:00,banknifty,34593.9,34622.4,34587.7,34602.9,1e+100
2021-07-20 09:55:00+00:00,banknifty,34597.5,34624.05,34573.9,34615.75,1e+100
2021-07-20 10:00:00+00:00,banknifty,34616.9,34645.4,34601.3,34627.95,1e+100
2021-07-20 10:05:00+00:00,banknifty,34628.3,34654.6,34626.7,34649.05,1e+100
2021-07-20 10:10:00+00:00,banknifty,34646.75,34673.85,34645.05,34654.3,1e+100
2021-07-20 10:15:00+00:00,banknifty,34652.95,34653.7,34600.95,34612.75,1e+100
2021-07-20 10:20:00+00:00,banknifty,34611.3,34631.1,34600.2,34605.25,1e+100
2021-07-20 10:25:00+00:00,banknifty,34603.15,34604.0,34526.25,34560.2,1e+100
2021-07-20 10:30:00+00:00,banknifty,34559.9,34587.05,34544.2,34555.9,1e+100
2021-07-20 10:35:00+00:00,banknifty,34554.15,34562.15,34536.0,34536.0,1e+100
2021-07-20 10:40:00+00:00,banknifty,34537.05,34537.05,34462.25,34475.7,1e+100
2021-07-20 10:45:00+00:00,banknifty,34475.9,34485.45,34435.1,34476.55,1e+100
2021-07-20 10:50:00+00:00,banknifty,34473.1,34497.55,34456.7,34496.15,1e+100
2021-07-20 10:55:00+00:00,banknifty,34496.05,34519.35,34488.0,34489.3,1e+100
2021-07-20 11:00:00+00:00,banknifty,34487.1,34498.05,34446.8,34457.6,1e+100
2021-07-20 11:05:00+00:00,banknifty,34456.7,34477.45,34433.65,34452.25,1e+100
2021-07-20 11:10:00+00:00,banknifty,34452.5,34466.75,34428.25,34455.8,1e+100
2021-07-20 11:15:00+00:00,banknifty,34454.4,34482.75,34438.85,34466.35,1e+100
2021-07-20 11:20:00+00:00,banknifty,34466.7,34479.05,34439.35,34442.95,1e+100
2021-07-20 11:25:00+00:00,banknifty,34440.75,34450.65,34396.85,34444.0,1e+100
2021-07-20 11:30:00+00:00,banknifty,34442.3,34487.45,34435.1,34468.4,1e+100
2021-07-20 11:35:00+00:00,banknifty,34469.75,34469.75,34445.3,34459.0,1e+100
2021-07-20 11:40:00+00:00,banknifty,34459.1,34465.0,34443.2,34448.75,1e+100
2021-07-20 11:45:00+00:00,banknifty,34446.9,34467.7,34437.05,34455.85,1e+100
2021-07-20 11:50:00+00:00,banknifty,34454.4,34481.7,34453.0,34478.9,1e+100
2021-07-20 11:55:00+00:00,banknifty,34477.4,34499.55,34414.65,34414.65,1e+100
2021-07-20 12:00:00+00:00,banknifty,34415.5,34432.0,34406.1,34407.3,1e+100
2021-07-20 12:05:00+00:00,banknifty,34407.85,34407.85,34357.6,34364.5,1e+100
2021-07-20 12:10:00+00:00,banknifty,34361.55,34400.35,34357.35,34387.7,1e+100
2021-07-20 12:15:00+00:00,banknifty,34385.65,34396.8,34380.2,34382.8,1e+100
2021-07-20 12:20:00+00:00,banknifty,34381.05,34431.25,34380.75,34422.15,1e+100
2021-07-20 12:25:00+00:00,banknifty,34422.4,34454.5,34422.4,34448.2,1e+100
2021-07-20 12:30:00+00:00,banknifty,34448.5,34490.5,34423.55,34471.5,1e+100
2021-07-20 12:35:00+00:00,banknifty,34473.2,34479.7,34446.75,34462.55,1e+100
2021-07-20 12:40:00+00:00,banknifty,34462.65,34498.7,34459.65,34480.2,1e+100
2021-07-20 12:45:00+00:00,banknifty,34481.05,34492.15,34460.65,34475.75,1e+100
2021-07-20 12:50:00+00:00,banknifty,34475.55,34486.75,34454.55,34478.0,1e+100
2021-07-20 12:55:00+00:00,banknifty,34477.95,34523.4,34461.0,34514.6,1e+100
2021-07-20 13:00:00+00:00,banknifty,34511.1,34543.4,34508.0,34543.4,1e+100
2021-07-20 13:05:00+00:00,banknifty,34541.35,34549.0,34511.95,34516.0,1e+100
2021-07-20 13:10:00+00:00,banknifty,34515.35,34545.3,34490.75,34545.3,1e+100
2021-07-20 13:15:00+00:00,banknifty,34546.7,34573.6,34543.85,34551.4,1e+100
2021-07-20 13:20:00+00:00,banknifty,34552.5,34566.6,34531.1,34556.05,1e+100
2021-07-20 13:25:00+00:00,banknifty,34557.25,34569.2,34531.95,34538.25,1e+100
2021-07-20 13:30:00+00:00,banknifty,34536.95,34563.25,34479.6,34554.05,1e+100
2021-07-20 13:35:00+00:00,banknifty,34555.15,34573.95,34524.65,34528.9,1e+100
2021-07-20 13:40:00+00:00,banknifty,34530.25,34558.45,34511.5,34556.35,1e+100
2021-07-20 13:45:00+00:00,banknifty,34552.7,34567.85,34544.4,34547.6,1e+100
2021-07-20 13:50:00+00:00,banknifty,34546.1,34557.1,34520.45,34545.9,1e+100
2021-07-20 13:55:00+00:00,banknifty,34544.55,34568.55,34524.55,34551.3,1e+100
2021-07-20 14:00:00+00:00,banknifty,34551.15,34575.2,34525.95,34535.35,1e+100
2021-07-20 14:05:00+00:00,banknifty,34534.95,34545.75,34513.15,34534.9,1e+100
2021-07-20 14:10:00+00:00,banknifty,34537.35,34545.5,34535.0,34540.2,1e+100
2021-07-20 14:15:00+00:00,banknifty,34539.5,34545.65,34452.8,34455.5,1e+100
2021-07-20 14:20:00+00:00,banknifty,34456.85,34456.85,34405.45,34441.55,1e+100
2021-07-20 14:25:00+00:00,banknifty,34434.9,34468.35,34419.6,34453.95,1e+100
2021-07-20 14:30:00+00:00,banknifty,34451.0,34479.2,34441.85,34452.6,1e+100
2021-07-20 14:35:00+00:00,banknifty,34452.7,34455.75,34427.2,34437.8,1e+100
2021-07-20 14:40:00+00:00,banknifty,34434.65,34455.15,34420.85,34449.8,1e+100
2021-07-20 14:45:00+00:00,banknifty,34448.55,34450.95,34405.45,34436.15,1e+100
2021-07-20 14:50:00+00:00,banknifty,34435.55,34472.85,34424.75,34435.8,1e+100
2021-07-20 14:55:00+00:00,banknifty,34436.1,34450.0,34424.35,34432.3,1e+100
2021-07-20 15:00:00+00:00,banknifty,34432.0,34449.2,34395.8,34445.4,1e+100
2021-07-20 15:05:00+00:00,banknifty,34442.15,34445.95,34412.3,34416.9,1e+100
2021-07-20 15:10:00+00:00,banknifty,34417.4,34433.25,34412.95,34412.95,1e+100
2021-07-20 15:15:00+00:00,banknifty,34410.25,34417.8,34371.05,34387.45,1e+100
2021-07-20 15:20:00+00:00,banknifty,34388.45,34432.5,34387.75,34431.6,1e+100
2021-07-20 15:25:00+00:00,banknifty,34430.15,34436.05,34401.25,34415.05,1e+100
2021-07-20 15:30:00+00:00,banknifty,34419.6,34419.6,34415.45,34415.45,1e+100
2021-07-22 09:05:00+00:00,banknifty,34774.55,34774.55,34774.55,34774.55,1e+100
2021-07-22 09:15:00+00:00,banknifty,34780.6,34798.95,34657.45,34790.6,1e+100
2021-07-22 09:20:00+00:00,banknifty,34788.5,34842.75,34784.7,34811.6,1e+100
2021-07-22 09:25:00+00:00,banknifty,34812.0,34856.8,34812.0,34824.95,1e+100
2021-07-22 09:30:00+00:00,banknifty,34830.45,34861.75,34816.85,34856.3,1e+100
2021-07-22 09:35:00+00:00,banknifty,34857.9,34910.35,34857.05,34907.25,1e+100
2021-07-22 09:40:00+00:00,banknifty,34908.45,34930.95,34878.7,34880.55,1e+100
2021-07-22 09:45:00+00:00,banknifty,34878.9,34905.2,34866.4,34876.0,1e+100
2021-07-22 09:50:00+00:00,banknifty,34872.05,34910.25,34872.05,34889.2,1e+100
2021-07-22 09:55:00+00:00,banknifty,34890.55,34927.7,34873.4,34924.45,1e+100
2021-07-22 10:00:00+00:00,banknifty,34924.3,34931.45,34888.55,34904.25,1e+100
2021-07-22 10:05:00+00:00,banknifty,34905.6,34924.15,34890.0,34908.45,1e+100
2021-07-22 10:10:00+00:00,banknifty,34908.1,34920.5,34894.7,34899.85,1e+100
2021-07-22 10:15:00+00:00,banknifty,34897.35,34920.0,34839.0,34851.6,1e+100
2021-07-22 10:20:00+00:00,banknifty,34853.55,34862.55,34825.0,34861.9,1e+100
2021-07-22 10:25:00+00:00,banknifty,34859.45,34871.35,34852.0,34866.25,1e+100
2021-07-22 10:30:00+00:00,banknifty,34866.05,34885.85,34853.25,34880.0,1e+100
2021-07-22 10:35:00+00:00,banknifty,34879.95,34940.5,34879.1,34928.45,1e+100
2021-07-22 10:40:00+00:00,banknifty,34931.15,34952.0,34926.1,34930.95,1e+100
2021-07-22 10:45:00+00:00,banknifty,34933.3,34977.75,34933.3,34959.9,1e+100
2021-07-22 10:50:00+00:00,banknifty,34959.85,34989.1,34959.85,34975.65,1e+100
2021-07-22 10:55:00+00:00,banknifty,34973.85,34975.55,34935.3,34949.95,1e+100
2021-07-22 11:00:00+00:00,banknifty,34948.3,34979.8,34948.1,34957.4,1e+100
2021-07-22 11:05:00+00:00,banknifty,34956.25,34969.15,34939.7,34956.7,1e+100
2021-07-22 11:10:00+00:00,banknifty,34957.35,34969.9,34955.95,34968.9,1e+100
2021-07-22 11:15:00+00:00,banknifty,34968.55,34973.15,34950.95,34952.3,1e+100
2021-07-22 11:20:00+00:00,banknifty,34952.8,34958.4,34928.15,34939.95,1e+100
2021-07-22 11:25:00+00:00,banknifty,34941.95,34941.95,34917.25,34929.3,1e+100
2021-07-22 11:30:00+00:00,banknifty,34932.2,34932.2,34894.4,34898.15,1e+100
2021-07-22 11:35:00+00:00,banknifty,34898.4,34912.05,34890.0,34890.65,1e+100
2021-07-22 11:40:00+00:00,banknifty,34890.6,34934.85,34884.95,34919.55,1e+100
2021-07-22 11:45:00+00:00,banknifty,34920.3,34935.15,34909.6,34916.55,1e+100
2021-07-22 11:50:00+00:00,banknifty,34918.05,34955.15,34917.85,34938.55,1e+100
2021-07-22 11:55:00+00:00,banknifty,34938.35,34944.1,34908.75,34912.75,1e+100
2021-07-22 12:00:00+00:00,banknifty,34910.8,34921.45,34899.85,34921.45,1e+100
2021-07-22 12:05:00+00:00,banknifty,34921.15,34930.25,34909.75,34919.95,1e+100
2021-07-22 12:10:00+00:00,banknifty,34921.55,34929.4,34903.75,34906.8,1e+100
2021-07-22 12:15:00+00:00,banknifty,34907.85,34911.55,34857.15,34857.9,1e+100
2021-07-22 12:20:00+00:00,banknifty,34860.7,34874.4,34840.3,34848.35,1e+100
2021-07-22 12:25:00+00:00,banknifty,34848.85,34865.05,34836.25,34856.45,1e+100
2021-07-22 12:30:00+00:00,banknifty,34857.65,34915.4,34857.45,34892.05,1e+100
2021-07-22 12:35:00+00:00,banknifty,34891.7,34891.7,34863.05,34868.65,1e+100
2021-07-22 12:40:00+00:00,banknifty,34871.3,34881.05,34834.3,34845.4,1e+100
2021-07-22 12:45:00+00:00,banknifty,34846.45,34866.4,34818.2,34846.7,1e+100
2021-07-22 12:50:00+00:00,banknifty,34847.65,34850.85,34822.7,34848.85,1e+100
2021-07-22 12:55:00+00:00,banknifty,34846.9,34853.2,34785.15,34799.6,1e+100
2021-07-22 13:00:00+00:00,banknifty,34800.5,34813.6,34772.35,34772.35,1e+100
2021-07-22 13:05:00+00:00,banknifty,34771.8,34802.0,34770.95,34780.55,1e+100
2021-07-22 13:10:00+00:00,banknifty,34782.35,34799.3,34760.7,34762.15,1e+100
2021-07-22 13:15:00+00:00,banknifty,34761.55,34777.75,34756.7,34770.75,1e+100
2021-07-22 13:20:00+00:00,banknifty,34770.45,34842.4,34769.9,34829.95,1e+100
2021-07-22 13:25:00+00:00,banknifty,34831.6,34834.0,34809.1,34827.15,1e+100
2021-07-22 13:30:00+00:00,banknifty,34825.15,34857.75,34822.05,34830.55,1e+100
2021-07-22 13:35:00+00:00,banknifty,34828.9,34841.4,34807.75,34816.25,1e+100
2021-07-22 13:40:00+00:00,banknifty,34815.95,34823.35,34785.05,34793.15,1e+100
2021-07-22 13:45:00+00:00,banknifty,34789.7,34809.0,34776.25,34809.0,1e+100
2021-07-22 13:50:00+00:00,banknifty,34810.65,34824.45,34802.45,34802.45,1e+100
2021-07-22 13:55:00+00:00,banknifty,34803.15,34816.85,34792.3,34802.55,1e+100
2021-07-22 14:00:00+00:00,banknifty,34801.6,34807.65,34786.5,34802.15,1e+100
2021-07-22 14:05:00+00:00,banknifty,34803.75,34813.45,34778.2,34787.95,1e+100
2021-07-22 14:10:00+00:00,banknifty,34786.25,34793.1,34769.35,34778.9,1e+100
2021-07-22 14:15:00+00:00,banknifty,34776.95,34779.75,34687.6,34688.65,1e+100
2021-07-22 14:20:00+00:00,banknifty,34684.7,34684.7,34569.8,34587.75,1e+100
2021-07-22 14:25:00+00:00,banknifty,34586.1,34633.55,34570.7,34617.35,1e+100
2021-07-22 14:30:00+00:00,banknifty,34615.5,34653.2,34612.05,34626.9,1e+100
2021-07-22 14:35:00+00:00,banknifty,34625.3,34657.05,34607.6,34634.7,1e+100
2021-07-22 14:40:00+00:00,banknifty,34637.7,34642.25,34598.75,34601.1,1e+100
2021-07-22 14:45:00+00:00,banknifty,34602.0,34626.65,34558.45,34585.1,1e+100
2021-07-22 14:50:00+00:00,banknifty,34584.9,34606.85,34557.85,34589.15,1e+100
2021-07-22 14:55:00+00:00,banknifty,34587.35,34603.2,34576.25,34597.9,1e+100
2021-07-22 15:00:00+00:00,banknifty,34595.7,34673.45,34595.7,34671.4,1e+100
2021-07-22 15:05:00+00:00,banknifty,34671.25,34697.3,34652.0,34660.25,1e+100
2021-07-22 15:10:00+00:00,banknifty,34658.45,34682.7,34644.85,34660.4,1e+100
2021-07-22 15:15:00+00:00,banknifty,34663.5,34684.8,34659.4,34680.25,1e+100
2021-07-22 15:20:00+00:00,banknifty,34681.7,34709.05,34678.1,34707.8,1e+100
2021-07-22 15:25:00+00:00,banknifty,34706.4,34712.35,34682.25,34708.9,1e+100
2021-07-22 15:30:00+00:00,banknifty,34705.5,34705.5,34677.3,34677.3,1e+100
2021-07-23 09:05:00+00:00,banknifty,34748.35,34748.35,34748.35,34748.35,1e+100
2021-07-23 09:15:00+00:00,banknifty,34750.85,34784.5,34667.75,34779.8,1e+100
2021-07-23 09:20:00+00:00,banknifty,34776.75,34826.45,34763.8,34798.8,1e+100
2021-07-23 09:25:00+00:00,banknifty,34795.0,34832.7,34766.65,34772.9,1e+100
2021-07-23 09:30:00+00:00,banknifty,34770.85,34770.85,34421.15,34489.85,1e+100
2021-07-23 09:35:00+00:00,banknifty,34492.8,34570.4,34460.85,34523.1,1e+100
2021-07-23 09:40:00+00:00,banknifty,34518.4,34545.05,34476.65,34476.65,1e+100
2021-07-23 09:45:00+00:00,banknifty,34475.5,34569.5,34404.75,34561.1,1e+100
2021-07-23 09:50:00+00:00,banknifty,34557.45,34721.05,34557.45,34716.5,1e+100
2021-07-23 09:55:00+00:00,banknifty,34725.6,34776.5,34723.8,34759.65,1e+100
2021-07-23 10:00:00+00:00,banknifty,34760.9,34768.85,34719.6,34740.1,1e+100
2021-07-23 10:05:00+00:00,banknifty,34737.7,34757.9,34716.45,34738.3,1e+100
2021-07-23 10:10:00+00:00,banknifty,34741.85,34855.2,34737.2,34852.65,1e+100
2021-07-23 10:15:00+00:00,banknifty,34860.1,34891.2,34846.95,34854.85,1e+100
2021-07-23 10:20:00+00:00,banknifty,34859.25,34869.85,34822.05,34834.9,1e+100
2021-07-23 10:25:00+00:00,banknifty,34836.55,34849.55,34801.85,34828.45,1e+100
2021-07-23 10:30:00+00:00,banknifty,34827.55,34829.0,34801.3,34806.25,1e+100
2021-07-23 10:35:00+00:00,banknifty,34809.15,34811.8,34738.8,34743.1,1e+100
2021-07-23 10:40:00+00:00,banknifty,34749.55,34780.0,34674.4,34688.4,1e+100
2021-07-23 10:45:00+00:00,banknifty,34690.55,34730.55,34672.4,34693.5,1e+100
2021-07-23 10:50:00+00:00,banknifty,34692.55,34693.7,34634.0,34674.0,1e+100
2021-07-23 10:55:00+00:00,banknifty,34673.6,34747.85,34673.6,34712.9,1e+100
2021-07-23 11:00:00+00:00,banknifty,34712.55,34736.25,34688.8,34703.0,1e+100
2021-07-23 11:05:00+00:00,banknifty,34700.25,34781.6,34699.8,34776.15,1e+100
2021-07-23 11:10:00+00:00,banknifty,34779.25,34780.8,34740.65,34763.15,1e+100
2021-07-23 11:15:00+00:00,banknifty,34762.45,34767.15,34727.0,34748.55,1e+100
2021-07-23 11:20:00+00:00,banknifty,34747.25,34764.9,34730.45,34742.85,1e+100
2021-07-23 11:25:00+00:00,banknifty,34745.0,34745.4,34719.4,34732.85,1e+100
2021-07-23 11:30:00+00:00,banknifty,34729.35,34749.05,34714.6,34731.4,1e+100
2021-07-23 11:35:00+00:00,banknifty,34732.8,34741.25,34716.1,34716.1,1e+100
2021-07-23 11:40:00+00:00,banknifty,34717.55,34748.80078125,34713.9,34746.0,1e+100
2021-07-23 11:45:00+00:00,banknifty,34743.80078125,34773.55078125,34743.80078125,34763.25,1e+100
2021-07-23 11:50:00+00:00,banknifty,34765.19921875,34819.8515625,34765.19921875,34819.8515625,1e+100
2021-07-23 11:55:00+00:00,banknifty,34821.94921875,34833.25,34799.69921875,34815.1484375,1e+100
2021-07-23 12:00:00+00:00,banknifty,34816.94921875,34817.3515625,34791.05078125,34794.3984375,1e+100
2021-07-23 12:05:00+00:00,banknifty,34792.30078125,34815.25,34780.1484375,34802.0,1e+100
2021-07-23 12:10:00+00:00,banknifty,34802.80078125,34807.6015625,34757.55078125,34771.44921875,1e+100
2021-07-23 12:15:00+00:00,banknifty,34767.6015625,34808.19921875,34743.94921875,34788.75,1e+100
2021-07-23 12:20:00+00:00,banknifty,34796.75,34829.6484375,34796.75,34812.6015625,1e+100
2021-07-23 12:25:00+00:00,banknifty,34813.8984375,34823.3984375,34772.1015625,34812.1484375,1e+100
2021-07-23 12:30:00+00:00,banknifty,34810.44921875,34817.19921875,34787.0,34817.19921875,1e+100
2021-07-23 12:35:00+00:00,banknifty,34818.69921875,34859.3515625,34805.30078125,34851.0,1e+100
2021-07-23 12:40:00+00:00,banknifty,34860.25,34868.05078125,34836.5,34861.1484375,1e+100
2021-07-23 12:45:00+00:00,banknifty,34857.6484375,34880.6015625,34851.6484375,34865.55078125,1e+100
2021-07-23 12:50:00+00:00,banknifty,34861.30078125,34893.8515625,34857.75,34884.19921875,1e+100
2021-07-23 12:55:00+00:00,banknifty,34877.8515625,34880.44921875,34864.3515625,34878.8515625,1e+100
2021-07-23 13:00:00+00:00,banknifty,34884.8984375,34904.1484375,34883.5,34897.1015625,1e+100
2021-07-23 13:05:00+00:00,banknifty,34897.25,34923.6484375,34884.80078125,34903.55078125,1e+100
2021-07-23 13:10:00+00:00,banknifty,34902.3984375,34945.75,34900.19921875,34908.69921875,1e+100
2021-07-23 13:15:00+00:00,banknifty,34906.8515625,34916.1484375,34880.25,34900.5,1e+100
2021-07-23 13:20:00+00:00,banknifty,34900.25,34925.8515625,34898.3515625,34919.30078125,1e+100
2021-07-23 13:25:00+00:00,banknifty,34922.1484375,34937.8984375,34896.6015625,34907.25,1e+100
2021-07-23 13:30:00+00:00,banknifty,34908.3,34935.15,34872.35,34923.85,1e+100
2021-07-23 13:35:00+00:00,banknifty,34926.9,34971.2,34907.95,34967.7,1e+100
2021-07-23 13:40:00+00:00,banknifty,34970.2,34977.35,34950.6,34951.1,1e+100
2021-07-23 13:45:00+00:00,banknifty,34956.7,34962.2,34938.0,34941.55,1e+100
2021-07-23 13:50:00+00:00,banknifty,34947.2,34954.65,34940.25,34949.8,1e+100
2021-07-23 13:55:00+00:00,banknifty,34952.85,34980.4,34917.4,34934.55,1e+100
2021-07-23 14:00:00+00:00,banknifty,34935.85,34982.3,34935.85,34961.6,1e+100
2021-07-23 14:05:00+00:00,banknifty,34966.85,34967.35,34938.5,34949.75,1e+100
2021-07-23 14:10:00+00:00,banknifty,34952.6,34965.3,34936.4,34965.05,1e+100
2021-07-23 14:15:00+00:00,banknifty,34963.8,34965.05,34923.1,34938.35,1e+100
2021-07-23 14:20:00+00:00,banknifty,34931.5,34948.7,34901.75,34925.35,1e+100
2021-07-23 14:25:00+00:00,banknifty,34924.75,34947.6,34899.6,34943.5,1e+100
2021-07-23 14:30:00+00:00,banknifty,34946.35,34962.75,34935.15,34960.35,1e+100
2021-07-23 14:35:00+00:00,banknifty,34960.1,34988.05,34960.1,34976.2,1e+100
2021-07-23 14:40:00+00:00,banknifty,34973.75,34976.95,34941.0,34967.15,1e+100
2021-07-23 14:45:00+00:00,banknifty,34970.0,35036.05,34961.3,35030.25,1e+100
2021-07-23 14:50:00+00:00,banknifty,35029.05,35088.0,35029.05,35080.8,1e+100
2021-07-23 14:55:00+00:00,banknifty,35081.7,35082.5,35054.0,35059.9,1e+100
2021-07-23 15:00:00+00:00,banknifty,35062.4,35076.5,35030.4,35074.85,1e+100
2021-07-23 15:05:00+00:00,banknifty,35072.95,35083.0,35062.45,35072.4,1e+100
2021-07-23 15:10:00+00:00,banknifty,35069.1,35070.6,35044.05,35053.25,1e+100
2021-07-23 15:15:00+00:00,banknifty,35056.7,35056.7,35021.75,35043.65,1e+100
2021-07-23 15:20:00+00:00,banknifty,35043.15,35043.15,34983.15,34997.0,1e+100
2021-07-23 15:25:00+00:00,banknifty,35001.95,35024.95,34984.35,35012.1,1e+100
2021-07-23 15:30:00+00:00,banknifty,35007.4,35034.4,35007.4,35034.4,1e+100
2021-07-26 09:05:00+00:00,banknifty,34947.85,34947.85,34947.85,34947.85,1e+100
2021-07-26 09:15:00+00:00,banknifty,34880.05,34905.2,34759.25,34806.35,1e+100
2021-07-26 09:20:00+00:00,banknifty,34802.5,34877.85,34669.55,34869.6,1e+100
2021-07-26 09:25:00+00:00,banknifty,34872.9,35021.0,34872.9,34968.2,1e+100
2021-07-26 09:30:00+00:00,banknifty,34966.25,34985.95,34843.6,34905.25,1e+100
2021-07-26 09:35:00+00:00,banknifty,34899.55,34940.6,34853.1,34913.7,1e+100
2021-07-26 09:40:00+00:00,banknifty,34913.3,34928.65,34893.1,34893.1,1e+100
2021-07-26 09:45:00+00:00,banknifty,34892.3,34895.5,34830.0,34872.45,1e+100
2021-07-26 09:50:00+00:00,banknifty,34876.35,34906.25,34860.65,34863.8,1e+100
2021-07-26 09:55:00+00:00,banknifty,34860.65,34879.1,34849.1,34874.7,1e+100
2021-07-26 10:00:00+00:00,banknifty,34877.65,34956.6,34876.5,34924.55,1e+100
2021-07-26 10:05:00+00:00,banknifty,34928.45,34949.15,34911.1,34933.2,1e+100
2021-07-26 10:10:00+00:00,banknifty,34933.6,34958.6,34911.3,34938.5,1e+100
2021-07-26 10:15:00+00:00,banknifty,34942.2,34946.6,34914.4,34922.15,1e+100
2021-07-26 10:20:00+00:00,banknifty,34922.8,34940.45,34894.7,34918.0,1e+100
2021-07-26 10:25:00+00:00,banknifty,34915.05,34951.3,34915.05,34935.65,1e+100
2021-07-26 10:30:00+00:00,banknifty,34936.95,35073.1,34936.95,35069.05,1e+100
2021-07-26 10:35:00+00:00,banknifty,35070.9,35104.3,35055.4,35067.3,1e+100
2021-07-26 10:40:00+00:00,banknifty,35063.0,35097.95,35041.25,35075.4,1e+100
2021-07-26 10:45:00+00:00,banknifty,35075.45,35087.8,35016.55,35060.4,1e+100
2021-07-26 10:50:00+00:00,banknifty,35060.5,35068.6,35039.8,35055.3,1e+100
2021-07-26 10:55:00+00:00,banknifty,35050.6,35072.6,35046.5,35072.6,1e+100
2021-07-26 11:00:00+00:00,banknifty,35071.6,35107.45,35071.6,35105.5,1e+100
2021-07-26 11:05:00+00:00,banknifty,35102.1,35138.2,35101.75,35125.95,1e+100
2021-07-26 11:10:00+00:00,banknifty,35124.2,35124.2,35081.3,35082.85,1e+100
2021-07-26 11:15:00+00:00,banknifty,35084.95,35112.4,35068.45,35106.6,1e+100
2021-07-26 11:20:00+00:00,banknifty,35108.2,35110.65,35053.55,35072.8,1e+100
2021-07-26 11:25:00+00:00,banknifty,35072.45,35072.45,35034.6,35041.65,1e+100
2021-07-26 11:30:00+00:00,banknifty,35041.15,35045.8,34966.8,34990.0,1e+100
2021-07-26 11:35:00+00:00,banknifty,34988.9,35002.95,34960.15,34960.85,1e+100
2021-07-26 11:40:00+00:00,banknifty,34956.55,34979.95,34927.55,34959.95,1e+100
2021-07-26 11:45:00+00:00,banknifty,34960.45,34961.4,34934.15,34938.65,1e+100
2021-07-26 11:50:00+00:00,banknifty,34938.6,34975.6,34928.1,34954.4,1e+100
2021-07-26 11:55:00+00:00,banknifty,34951.8,34970.3,34940.05,34940.25,1e+100
2021-07-26 12:00:00+00:00,banknifty,34939.5,34988.7,34904.3,34974.0,1e+100
2021-07-26 12:05:00+00:00,banknifty,34975.2,34990.4,34960.75,34965.4,1e+100
2021-07-26 12:10:00+00:00,banknifty,34965.55,34972.35,34936.45,34949.1,1e+100
2021-07-26 12:15:00+00:00,banknifty,34950.35,34962.2,34932.55,34961.4,1e+100
2021-07-26 12:20:00+00:00,banknifty,34959.05,34981.9,34946.2,34978.25,1e+100
2021-07-26 12:25:00+00:00,banknifty,34975.95,34993.35,34966.45,34987.9,1e+100
2021-07-26 12:30:00+00:00,banknifty,34987.65,35034.35,34985.65,35033.7,1e+100
2021-07-26 12:35:00+00:00,banknifty,35031.85,35033.85,35007.8,35033.35,1e+100
2021-07-26 12:40:00+00:00,banknifty,35035.0,35042.8,34990.05,35004.45,1e+100
2021-07-26 12:45:00+00:00,banknifty,35003.55,35014.0,34948.0,35002.95,1e+100
2021-07-26 12:50:00+00:00,banknifty,35000.45,35012.0,34979.95,35003.35,1e+100
2021-07-26 12:55:00+00:00,banknifty,35000.8,35031.65,34982.75,35014.35,1e+100
2021-07-26 13:00:00+00:00,banknifty,35018.05,35056.15,34989.45,35000.35,1e+100
2021-07-26 13:05:00+00:00,banknifty,34997.45,35025.8,34980.6,35021.3,1e+100
2021-07-26 13:10:00+00:00,banknifty,35021.85,35021.85,34978.0,34990.65,1e+100
2021-07-26 13:15:00+00:00,banknifty,34988.55,35013.3,34975.05,34995.5,1e+100
2021-07-26 13:20:00+00:00,banknifty,34992.0,35013.15,34959.75,35013.15,1e+100
2021-07-26 13:25:00+00:00,banknifty,35012.3,35028.3,35007.7,35020.15,1e+100
2021-07-26 13:30:00+00:00,banknifty,35020.35,35026.7,34969.8,34999.7,1e+100
2021-07-26 13:35:00+00:00,banknifty,34998.3,35020.4,34990.25,35006.25,1e+100
2021-07-26 13:40:00+00:00,banknifty,35007.9,35061.9,35007.9,35039.75,1e+100
2021-07-26 13:45:00+00:00,banknifty,35038.55,35071.1,35030.0,35056.1,1e+100
2021-07-26 13:50:00+00:00,banknifty,35061.6,35069.3,35028.25,35032.95,1e+100
2021-07-26 13:55:00+00:00,banknifty,35035.2,35038.2,34986.45,34996.9,1e+100
2021-07-26 14:00:00+00:00,banknifty,34998.8,35013.35,34964.65,35002.0,1e+100
2021-07-26 14:05:00+00:00,banknifty,35009.5,35031.35,34996.25,35012.8,1e+100
2021-07-26 14:10:00+00:00,banknifty,35016.2,35035.3,34998.95,35024.45,1e+100
2021-07-26 14:15:00+00:00,banknifty,35026.7,35027.3,34998.65,35004.8,1e+100
2021-07-26 14:20:00+00:00,banknifty,35004.15,35028.6,34995.9,35023.15,1e+100
2021-07-26 14:25:00+00:00,banknifty,35023.9,35084.35,35008.05,35049.4,1e+100
2021-07-26 14:30:00+00:00,banknifty,35052.15,35052.15,34912.35,34961.95,1e+100
2021-07-26 14:35:00+00:00,banknifty,34961.7,34977.65,34933.5,34958.7,1e+100
2021-07-26 14:40:00+00:00,banknifty,34963.6,34990.95,34940.45,34949.2,1e+100
2021-07-26 14:45:00+00:00,banknifty,34953.05,34974.05,34943.2,34945.8,1e+100
2021-07-26 14:50:00+00:00,banknifty,34949.35,34998.75,34949.35,34983.65,1e+100
2021-07-26 14:55:00+00:00,banknifty,34985.0,34986.95,34953.15,34969.3,1e+100
2021-07-26 15:00:00+00:00,banknifty,34971.05,34976.35,34940.4,34942.5,1e+100
2021-07-26 15:05:00+00:00,banknifty,34943.95,34963.2,34926.0,34958.4,1e+100
2021-07-26 15:10:00+00:00,banknifty,34961.6,34972.4,34949.5,34955.9,1e+100
2021-07-26 15:15:00+00:00,banknifty,34959.3,34969.7,34936.8,34944.25,1e+100
2021-07-26 15:20:00+00:00,banknifty,34941.25,34983.3,34937.6,34944.0,1e+100
2021-07-26 15:25:00+00:00,banknifty,34946.4,34946.75,34915.55,34921.85,1e+100
2021-07-26 15:30:00+00:00,banknifty,34929.7,34949.7,34929.7,34949.7,1e+100
2021-07-27 09:05:00+00:00,banknifty,35029.3,35029.3,35029.3,35029.3,1e+100
2021-07-27 09:15:00+00:00,banknifty,35035.75,35149.2,35002.9,35140.6,1e+100
2021-07-27 09:20:00+00:00,banknifty,35140.8,35169.7,35085.4,35094.7,1e+100
2021-07-27 09:25:00+00:00,banknifty,35095.1,35125.6,35066.4,35113.1,1e+100
2021-07-27 09:30:00+00:00,banknifty,35112.7,35136.15,35106.1,35121.1,1e+100
2021-07-27 09:35:00+00:00,banknifty,35119.6,35128.8,35090.45,35101.75,1e+100
2021-07-27 09:40:00+00:00,banknifty,35101.4,35111.1,34986.25,35049.1,1e+100
2021-07-27 09:45:00+00:00,banknifty,35050.3,35072.25,35031.35,35051.7,1e+100
2021-07-27 09:50:00+00:00,banknifty,35051.35,35093.8,35050.35,35093.8,1e+100
2021-07-27 09:55:00+00:00,banknifty,35093.25,35159.0,35090.45,35152.3,1e+100
2021-07-27 10:00:00+00:00,banknifty,35152.5,35174.3,35123.55,35128.25,1e+100
2021-07-27 10:05:00+00:00,banknifty,35127.2,35143.25,35118.6,35142.9,1e+100
2021-07-27 10:10:00+00:00,banknifty,35142.3,35145.05,35114.8,35115.4,1e+100
2021-07-27 10:15:00+00:00,banknifty,35110.05,35156.3,35110.05,35148.95,1e+100
2021-07-27 10:20:00+00:00,banknifty,35147.5,35165.3,35143.8,35150.15,1e+100
2021-07-27 10:25:00+00:00,banknifty,35150.7,35167.95,35146.3,35152.8,1e+100
2021-07-27 10:30:00+00:00,banknifty,35152.35,35179.8,35139.0,35178.85,1e+100
2021-07-27 10:35:00+00:00,banknifty,35178.5,35186.1,35163.05,35165.0,1e+100
2021-07-27 10:40:00+00:00,banknifty,35161.75,35163.9,35109.5,35112.95,1e+100
2021-07-27 10:45:00+00:00,banknifty,35110.6,35127.65,35101.65,35118.0,1e+100
2021-07-27 10:50:00+00:00,banknifty,35118.1,35138.05,35097.35,35124.7,1e+100
2021-07-27 10:55:00+00:00,banknifty,35123.7,35138.5,35115.3,35123.7,1e+100
2021-07-27 11:00:00+00:00,banknifty,35123.55,35125.8,35081.9,35086.8,1e+100
2021-07-27 11:05:00+00:00,banknifty,35082.55,35100.7,35075.05,35093.45,1e+100
2021-07-27 11:10:00+00:00,banknifty,35091.0,35105.2,35088.95,35100.8,1e+100
2021-07-27 11:15:00+00:00,banknifty,35101.3,35105.9,35092.2,35099.65,1e+100
2021-07-27 11:20:00+00:00,banknifty,35100.25,35100.25,35071.55,35085.4,1e+100
2021-07-27 11:25:00+00:00,banknifty,35087.5,35087.5,35045.95,35055.8,1e+100
2021-07-27 11:30:00+00:00,banknifty,35058.1,35069.5,35039.6,35069.3,1e+100
2021-07-27 11:35:00+00:00,banknifty,35066.75,35067.05,35033.5,35054.4,1e+100
2021-07-27 11:40:00+00:00,banknifty,35052.6,35059.5,35034.1,35056.2,1e+100
2021-07-27 11:45:00+00:00,banknifty,35057.45,35104.6,35054.7,35098.45,1e+100
2021-07-27 11:50:00+00:00,banknifty,35099.65,35117.25,35077.1,35105.7,1e+100
2021-07-27 11:55:00+00:00,banknifty,35106.0,35113.85,35074.9,35091.7,1e+100
2021-07-27 12:00:00+00:00,banknifty,35092.1,35105.25,35082.7,35096.05,1e+100
2021-07-27 12:05:00+00:00,banknifty,35094.85,35100.55,35075.7,35078.1,1e+100
2021-07-27 12:10:00+00:00,banknifty,35078.2,35082.85,35033.85,35077.95,1e+100
2021-07-27 12:15:00+00:00,banknifty,35080.3,35091.1,35053.75,35060.4,1e+100
2021-07-27 12:20:00+00:00,banknifty,35060.3,35060.3,34959.65,34999.3,1e+100
2021-07-27 12:25:00+00:00,banknifty,34997.0,35011.65,34984.85,34999.9,1e+100
2021-07-27 12:30:00+00:00,banknifty,35003.95,35004.25,34935.15,34960.6,1e+100
2021-07-27 12:35:00+00:00,banknifty,34960.2,34969.3,34881.65,34902.35,1e+100
2021-07-27 12:40:00+00:00,banknifty,34901.85,34917.05,34878.5,34902.2,1e+100
2021-07-27 12:45:00+00:00,banknifty,34902.45,34951.55,34890.85,34940.9,1e+100
2021-07-27 12:50:00+00:00,banknifty,34941.4,34949.85,34900.8,34900.8,1e+100
2021-07-27 12:55:00+00:00,banknifty,34902.05,34902.05,34841.75,34847.15,1e+100
2021-07-27 13:00:00+00:00,banknifty,34847.05,34862.5,34821.95,34843.85,1e+100
2021-07-27 13:05:00+00:00,banknifty,34844.45,34844.45,34764.95,34783.4,1e+100
2021-07-27 13:10:00+00:00,banknifty,34783.7,34799.2,34713.55,34747.8,1e+100
2021-07-27 13:15:00+00:00,banknifty,34747.6,34806.3,34737.85,34803.95,1e+100
2021-07-27 13:20:00+00:00,banknifty,34809.0,34847.65,34808.0,34843.3,1e+100
2021-07-27 13:25:00+00:00,banknifty,34843.45,34884.95,34843.45,34876.9,1e+100
2021-07-27 13:30:00+00:00,banknifty,34877.1,34877.1,34846.4,34863.25,1e+100
2021-07-27 13:35:00+00:00,banknifty,34863.1,34875.85,34841.5,34847.6,1e+100
2021-07-27 13:40:00+00:00,banknifty,34842.2,34952.8,34839.25,34940.05,1e+100
2021-07-27 13:45:00+00:00,banknifty,34937.85,34941.1,34880.5,34891.75,1e+100
2021-07-27 13:50:00+00:00,banknifty,34890.85,34893.8,34839.9,34861.4,1e+100
2021-07-27 13:55:00+00:00,banknifty,34863.35,34865.8,34804.5,34817.3,1e+100
2021-07-27 14:00:00+00:00,banknifty,34818.7,34854.15,34804.75,34828.95,1e+100
2021-07-27 14:05:00+00:00,banknifty,34830.55,34847.5,34820.4,34836.65,1e+100
2021-07-27 14:10:00+00:00,banknifty,34837.95,34848.25,34801.15,34809.35,1e+100
2021-07-27 14:15:00+00:00,banknifty,34809.9,34827.65,34781.85,34805.6,1e+100
2021-07-27 14:20:00+00:00,banknifty,34808.45,34818.45,34793.9,34801.9,1e+100
2021-07-27 14:25:00+00:00,banknifty,34802.5,34827.95,34781.2,34790.05,1e+100
2021-07-27 14:30:00+00:00,banknifty,34792.65,34816.1,34778.7,34791.6,1e+100
2021-07-27 14:35:00+00:00,banknifty,34791.2,34810.4,34772.4,34778.45,1e+100
2021-07-27 14:40:00+00:00,banknifty,34781.5,34822.35,34776.0,34821.85,1e+100
2021-07-27 14:45:00+00:00,banknifty,34820.75,34850.4,34800.0,34818.75,1e+100
2021-07-27 14:50:00+00:00,banknifty,34819.8,34827.0,34799.95,34800.5,1e+100
2021-07-27 14:55:00+00:00,banknifty,34799.8,34802.65,34752.95,34759.9,1e+100
2021-07-27 15:00:00+00:00,banknifty,34764.3,34815.5,34764.3,34813.05,1e+100
2021-07-27 15:05:00+00:00,banknifty,34811.7,34814.35,34780.75,34792.2,1e+100
2021-07-27 15:10:00+00:00,banknifty,34789.25,34811.25,34788.55,34790.4,1e+100
2021-07-27 15:15:00+00:00,banknifty,34785.35,34797.25,34781.3,34783.7,1e+100
2021-07-27 15:20:00+00:00,banknifty,34782.8,34825.8,34782.4,34807.4,1e+100
2021-07-27 15:25:00+00:00,banknifty,34807.55,34811.15,34787.55,34801.2,1e+100
2021-07-27 15:30:00+00:00,banknifty,34796.45,34797.45,34796.45,34797.45,1e+100
2021-07-28 09:05:00+00:00,banknifty,34839.45,34839.45,34839.45,34839.45,1e+100
2021-07-28 09:15:00+00:00,banknifty,34841.55,34841.55,34604.8,34631.55,1e+100
2021-07-28 09:20:00+00:00,banknifty,34636.85,34636.85,34584.4,34613.0,1e+100
2021-07-28 09:25:00+00:00,banknifty,34617.1,34638.35,34590.6,34635.2,1e+100
2021-07-28 09:30:00+00:00,banknifty,34633.5,34644.85,34608.1,34626.1,1e+100
2021-07-28 09:35:00+00:00,banknifty,34628.2,34639.25,34543.7,34552.15,1e+100
2021-07-28 09:40:00+00:00,banknifty,34549.8,34557.0,34515.0,34527.1,1e+100
2021-07-28 09:45:00+00:00,banknifty,34523.25,34566.25,34514.45,34526.95,1e+100
2021-07-28 09:50:00+00:00,banknifty,34527.65,34560.95,34493.6,34554.75,1e+100
2021-07-28 09:55:00+00:00,banknifty,34549.1,34565.6,34528.4,34562.3,1e+100
2021-07-28 10:00:00+00:00,banknifty,34563.35,34588.6,34542.8,34549.1,1e+100
2021-07-28 10:05:00+00:00,banknifty,34544.3,34593.05,34541.8,34565.45,1e+100
2021-07-28 10:10:00+00:00,banknifty,34564.25,34564.25,34519.5,34523.15,1e+100
2021-07-28 10:15:00+00:00,banknifty,34520.7,34547.9,34499.05,34510.85,1e+100
2021-07-28 10:20:00+00:00,banknifty,34511.9,34517.2,34451.55,34454.15,1e+100
2021-07-28 10:25:00+00:00,banknifty,34451.4,34473.4,34435.75,34446.9,1e+100
2021-07-28 10:30:00+00:00,banknifty,34446.35,34446.35,34379.6,34421.55,1e+100
2021-07-28 10:35:00+00:00,banknifty,34417.75,34438.25,34394.45,34394.45,1e+100
2021-07-28 10:40:00+00:00,banknifty,34390.55,34397.45,34220.1,34224.15,1e+100
2021-07-28 10:45:00+00:00,banknifty,34222.95,34261.5,34115.2,34242.05,1e+100
2021-07-28 10:50:00+00:00,banknifty,34240.2,34290.2,34231.1,34263.25,1e+100
2021-07-28 10:55:00+00:00,banknifty,34264.5,34271.5,34186.9,34219.95,1e+100
2021-07-28 11:00:00+00:00,banknifty,34221.7,34227.65,34181.15,34224.05,1e+100
2021-07-28 11:05:00+00:00,banknifty,34224.35,34252.8,34223.2,34251.95,1e+100
2021-07-28 11:10:00+00:00,banknifty,34249.85,34317.0,34249.85,34302.75,1e+100
2021-07-28 11:15:00+00:00,banknifty,34315.5,34344.15,34309.75,34332.1,1e+100
2021-07-28 11:20:00+00:00,banknifty,34332.2,34338.85,34290.85,34320.5,1e+100
2021-07-28 11:25:00+00:00,banknifty,34320.3,34360.6,34317.1,34344.6,1e+100
2021-07-28 11:30:00+00:00,banknifty,34347.1,34350.6,34291.35,34291.45,1e+100
2021-07-28 11:35:00+00:00,banknifty,34291.6,34291.8,34255.5,34262.8,1e+100
2021-07-28 11:40:00+00:00,banknifty,34261.9,34282.0,34234.9,34277.55,1e+100
2021-07-28 11:45:00+00:00,banknifty,34279.4,34295.55,34253.3,34283.0,1e+100
2021-07-28 11:50:00+00:00,banknifty,34283.95,34286.9,34239.7,34244.2,1e+100
2021-07-28 11:55:00+00:00,banknifty,34244.6,34270.85,34219.2,34264.2,1e+100
2021-07-28 12:00:00+00:00,banknifty,34266.15,34319.25,34262.35,34312.95,1e+100
2021-07-28 12:05:00+00:00,banknifty,34311.8,34312.45,34277.95,34279.3,1e+100
2021-07-28 12:10:00+00:00,banknifty,34277.25,34290.8,34264.4,34277.7,1e+100
2021-07-28 12:15:00+00:00,banknifty,34277.8,34308.95,34271.05,34282.45,1e+100
2021-07-28 12:20:00+00:00,banknifty,34283.25,34342.7,34275.1,34341.8,1e+100
2021-07-28 12:25:00+00:00,banknifty,34340.25,34345.75,34312.45,34319.4,1e+100
2021-07-28 12:30:00+00:00,banknifty,34319.45,34322.1,34283.25,34310.8,1e+100
2021-07-28 12:35:00+00:00,banknifty,34311.6,34336.15,34307.85,34321.75,1e+100
2021-07-28 12:40:00+00:00,banknifty,34322.2,34337.45,34279.95,34293.45,1e+100
2021-07-28 12:45:00+00:00,banknifty,34278.0,34321.6,34276.0,34313.35,1e+100
2021-07-28 12:50:00+00:00,banknifty,34312.1,34352.0,34309.65,34338.8,1e+100
2021-07-28 12:55:00+00:00,banknifty,34336.65,34336.65,34283.5,34283.5,1e+100
2021-07-28 13:00:00+00:00,banknifty,34283.55,34332.65,34279.9,34330.65,1e+100
2021-07-28 13:05:00+00:00,banknifty,34328.7,34358.65,34312.85,34338.85,1e+100
2021-07-28 13:10:00+00:00,banknifty,34338.25,34353.65,34326.8,34347.8,1e+100
2021-07-28 13:15:00+00:00,banknifty,34346.75,34401.3,34334.65,34389.65,1e+100
2021-07-28 13:20:00+00:00,banknifty,34390.4,34431.3,34374.9,34425.65,1e+100
2021-07-28 13:25:00+00:00,banknifty,34424.65,34449.55,34403.0,34434.35,1e+100
2021-07-28 13:30:00+00:00,banknifty,34432.45,34483.35,34409.2,34477.5,1e+100
2021-07-28 13:35:00+00:00,banknifty,34476.15,34519.95,34476.15,34491.25,1e+100
2021-07-28 13:40:00+00:00,banknifty,34492.05,34515.65,34476.05,34511.6,1e+100
2021-07-28 13:45:00+00:00,banknifty,34512.8,34566.5,34511.7,34557.35,1e+100
2021-07-28 13:50:00+00:00,banknifty,34555.3,34573.4,34535.2,34539.05,1e+100
2021-07-28 13:55:00+00:00,banknifty,34539.2,34546.6,34505.5,34531.95,1e+100
2021-07-28 14:00:00+00:00,banknifty,34529.7,34548.35,34502.3,34512.85,1e+100
2021-07-28 14:05:00+00:00,banknifty,34515.15,34516.05,34459.85,34460.95,1e+100
2021-07-28 14:10:00+00:00,banknifty,34459.0,34512.9,34458.4,34510.35,1e+100
2021-07-28 14:15:00+00:00,banknifty,34509.3,34530.95,34500.35,34502.05,1e+100
2021-07-28 14:20:00+00:00,banknifty,34504.1,34506.15,34348.65,34357.1,1e+100
2021-07-28 14:25:00+00:00,banknifty,34355.8,34400.2,34355.65,34379.55,1e+100
2021-07-28 14:30:00+00:00,banknifty,34377.45,34423.45,34372.25,34393.7,1e+100
2021-07-28 14:35:00+00:00,banknifty,34393.9,34427.95,34381.8,34384.6,1e+100
2021-07-28 14:40:00+00:00,banknifty,34382.05,34393.85,34363.65,34385.1,1e+100
2021-07-28 14:45:00+00:00,banknifty,34386.35,34429.1,34382.4,34424.65,1e+100
2021-07-28 14:50:00+00:00,banknifty,34423.4,34463.45,34423.4,34455.55,1e+100
2021-07-28 14:55:00+00:00,banknifty,34456.15,34467.8,34431.15,34467.8,1e+100
2021-07-28 15:00:00+00:00,banknifty,34467.9,34523.4,34467.9,34520.6,1e+100
2021-07-28 15:05:00+00:00,banknifty,34519.8,34553.1,34511.3,34550.55,1e+100
2021-07-28 15:10:00+00:00,banknifty,34551.2,34558.8,34517.95,34530.8,1e+100
2021-07-28 15:15:00+00:00,banknifty,34530.6,34548.65,34521.0,34544.2,1e+100
2021-07-28 15:20:00+00:00,banknifty,34544.1,34572.95,34540.9,34544.25,1e+100
2021-07-28 15:25:00+00:00,banknifty,34544.3,34561.55,34536.55,34558.4,1e+100
2021-07-28 15:30:00+00:00,banknifty,34552.35,34552.35,34532.9,34532.9,1e+100
2021-07-29 09:05:00+00:00,banknifty,34740.3,34740.3,34740.3,34740.3,1e+100
2021-07-29 09:15:00+00:00,banknifty,34747.1,34747.1,34648.35,34717.45,1e+100
2021-07-29 09:20:00+00:00,banknifty,34711.75,34770.35,34578.0,34688.95,1e+100
2021-07-29 09:25:00+00:00,banknifty,34692.65,34739.35,34645.7,34645.7,1e+100
2021-07-29 09:30:00+00:00,banknifty,34648.4,34681.15,34591.7,34592.8,1e+100
2021-07-29 09:35:00+00:00,banknifty,34592.75,34626.7,34569.6,34624.15,1e+100
2021-07-29 09:40:00+00:00,banknifty,34624.5,34657.8,34611.5,34611.5,1e+100
2021-07-29 09:45:00+00:00,banknifty,34617.6,34687.2,34610.7,34671.75,1e+100
2021-07-29 09:50:00+00:00,banknifty,34677.2,34686.8,34629.15,34680.0,1e+100
2021-07-29 09:55:00+00:00,banknifty,34676.95,34679.7,34635.85,34647.1,1e+100
2021-07-29 10:00:00+00:00,banknifty,34645.7,34709.3,34642.25,34680.2,1e+100
2021-07-29 10:05:00+00:00,banknifty,34677.9,34717.1,34669.75,34704.6,1e+100
2021-07-29 10:10:00+00:00,banknifty,34706.15,34707.35,34662.6,34677.1,1e+100
2021-07-29 10:15:00+00:00,banknifty,34677.25,34692.45,34646.35,34646.35,1e+100
2021-07-29 10:20:00+00:00,banknifty,34645.7,34675.75,34623.4,34640.0,1e+100
2021-07-29 10:25:00+00:00,banknifty,34636.65,34647.65,34553.5,34607.5,1e+100
2021-07-29 10:30:00+00:00,banknifty,34608.2,34640.25,34605.6,34628.3,1e+100
2021-07-29 10:35:00+00:00,banknifty,34624.35,34676.4,34620.2,34654.5,1e+100
2021-07-29 10:40:00+00:00,banknifty,34654.65,34674.25,34647.85,34670.3,1e+100
2021-07-29 10:45:00+00:00,banknifty,34671.85,34693.85,34658.3,34688.65,1e+100
2021-07-29 10:50:00+00:00,banknifty,34685.8,34715.4,34676.7,34699.65,1e+100
2021-07-29 10:55:00+00:00,banknifty,34704.1,34714.75,34676.75,34684.15,1e+100
2021-07-29 11:00:00+00:00,banknifty,34686.7,34707.85,34660.05,34673.8,1e+100
2021-07-29 11:05:00+00:00,banknifty,34675.1,34686.9,34649.45,34657.3,1e+100
2021-07-29 11:10:00+00:00,banknifty,34657.1,34678.55,34647.5,34668.75,1e+100
2021-07-29 11:15:00+00:00,banknifty,34669.75,34680.9,34663.25,34671.15,1e+100
2021-07-29 11:20:00+00:00,banknifty,34671.6,34676.9,34654.55,34661.95,1e+100
2021-07-29 11:25:00+00:00,banknifty,34661.65,34663.0,34623.1,34630.55,1e+100
2021-07-29 11:30:00+00:00,banknifty,34630.45,34635.4,34593.5,34593.5,1e+100
2021-07-29 11:35:00+00:00,banknifty,34591.9,34625.1,34575.55,34616.85,1e+100
2021-07-29 11:40:00+00:00,banknifty,34617.0,34658.9,34616.3,34633.55,1e+100
2021-07-29 11:45:00+00:00,banknifty,34630.55,34636.3,34594.8,34612.15,1e+100
2021-07-29 11:50:00+00:00,banknifty,34612.0,34616.05,34576.1,34601.25,1e+100
2021-07-29 11:55:00+00:00,banknifty,34598.2,34616.0,34590.4,34611.75,1e+100
2021-07-29 12:00:00+00:00,banknifty,34612.2,34650.2,34581.05,34606.6,1e+100
2021-07-29 12:05:00+00:00,banknifty,34606.85,34615.45,34591.1,34593.65,1e+100
2021-07-29 12:10:00+00:00,banknifty,34593.75,34596.55,34558.9,34586.25,1e+100
2021-07-29 12:15:00+00:00,banknifty,34585.15,34585.15,34547.8,34571.7,1e+100
2021-07-29 12:20:00+00:00,banknifty,34568.25,34578.65,34495.2,34500.4,1e+100
2021-07-29 12:25:00+00:00,banknifty,34501.8,34522.0,34496.2,34508.2,1e+100
2021-07-29 12:30:00+00:00,banknifty,34506.8,34638.7,34503.05,34610.95,1e+100
2021-07-29 12:35:00+00:00,banknifty,34612.2,34615.75,34574.3,34604.15,1e+100
2021-07-29 12:40:00+00:00,banknifty,34602.35,34605.9,34579.65,34591.15,1e+100
2021-07-29 12:45:00+00:00,banknifty,34592.75,34614.4,34565.1,34574.5,1e+100
2021-07-29 12:50:00+00:00,banknifty,34575.6,34587.95,34569.5,34582.5,1e+100
2021-07-29 12:55:00+00:00,banknifty,34584.15,34628.25,34583.1,34624.6,1e+100
2021-07-29 13:00:00+00:00,banknifty,34627.85,34661.9,34600.1,34658.15,1e+100
2021-07-29 13:05:00+00:00,banknifty,34658.2,34663.7,34622.0,34632.4,1e+100
2021-07-29 13:10:00+00:00,banknifty,34635.7,34653.25,34616.05,34635.3,1e+100
2021-07-29 13:15:00+00:00,banknifty,34636.85,34654.25,34619.9,34651.0,1e+100
2021-07-29 13:20:00+00:00,banknifty,34652.6,34725.1,34641.25,34724.2,1e+100
2021-07-29 13:25:00+00:00,banknifty,34725.5,34734.75,34704.45,34730.75,1e+100
2021-07-29 13:30:00+00:00,banknifty,34730.35,34755.4,34704.95,34750.1,1e+100
2021-07-29 13:35:00+00:00,banknifty,34755.65,34778.15,34739.5,34745.8,1e+100
2021-07-29 13:40:00+00:00,banknifty,34746.15,34754.85,34722.15,34731.45,1e+100
2021-07-29 13:45:00+00:00,banknifty,34731.85,34754.05,34685.55,34699.7,1e+100
2021-07-29 13:50:00+00:00,banknifty,34698.25,34726.1,34671.95,34712.1,1e+100
2021-07-29 13:55:00+00:00,banknifty,34709.75,34747.4,34698.9,34740.3,1e+100
2021-07-29 14:00:00+00:00,banknifty,34740.2,34744.75,34702.15,34729.65,1e+100
2021-07-29 14:05:00+00:00,banknifty,34730.35,34733.1,34700.15,34706.95,1e+100
2021-07-29 14:10:00+00:00,banknifty,34706.35,34711.75,34660.6,34676.15,1e+100
2021-07-29 14:15:00+00:00,banknifty,34675.9,34685.55,34629.9,34645.7,1e+100
2021-07-29 14:20:00+00:00,banknifty,34646.25,34668.4,34628.2,34651.0,1e+100
2021-07-29 14:25:00+00:00,banknifty,34649.05,34708.35,34643.0,34707.5,1e+100
2021-07-29 14:30:00+00:00,banknifty,34704.7,34721.15,34675.75,34719.15,1e+100
2021-07-29 14:35:00+00:00,banknifty,34719.75,34723.8,34662.65,34690.85,1e+100
2021-07-29 14:40:00+00:00,banknifty,34689.0,34702.95,34675.75,34685.1,1e+100
2021-07-29 14:45:00+00:00,banknifty,34684.85,34701.8,34669.0,34686.15,1e+100
2021-07-29 14:50:00+00:00,banknifty,34688.8,34701.35,34652.2,34679.55,1e+100
2021-07-29 14:55:00+00:00,banknifty,34681.7,34700.85,34671.1,34696.4,1e+100
2021-07-29 15:00:00+00:00,banknifty,34698.85,34726.7,34681.05,34686.05,1e+100
2021-07-29 15:05:00+00:00,banknifty,34684.45,34691.35,34665.5,34667.45,1e+100
2021-07-29 15:10:00+00:00,banknifty,34669.25,34679.05,34654.4,34676.15,1e+100
2021-07-29 15:15:00+00:00,banknifty,34677.35,34690.3,34672.9,34688.55,1e+100
2021-07-29 15:20:00+00:00,banknifty,34689.0,34731.25,34674.85,34717.95,1e+100
2021-07-29 15:25:00+00:00,banknifty,34719.35,34753.5,34714.45,34750.85,1e+100
2021-07-29 15:30:00+00:00,banknifty,34740.35,34740.35,34691.5,34691.5,1e+100
2021-07-30 09:05:00+00:00,banknifty,34698.75,34698.75,34698.75,34698.75,1e+100
2021-07-30 09:15:00+00:00,banknifty,34659.55,34692.4,34445.4,34691.0,1e+100
2021-07-30 09:20:00+00:00,banknifty,34690.3,34714.15,34571.7,34606.4,1e+100
2021-07-30 09:25:00+00:00,banknifty,34604.85,34642.4,34536.6,34642.4,1e+100
2021-07-30 09:30:00+00:00,banknifty,34645.55,34645.55,34602.7,34625.25,1e+100
2021-07-30 09:35:00+00:00,banknifty,34625.05,34669.8,34608.85,34613.55,1e+100
2021-07-30 09:40:00+00:00,banknifty,34617.05,34617.05,34574.6,34590.3,1e+100
2021-07-30 09:45:00+00:00,banknifty,34587.6,34611.3,34550.25,34584.65,1e+100
2021-07-30 09:50:00+00:00,banknifty,34585.9,34620.1,34572.6,34614.05,1e+100
2021-07-30 09:55:00+00:00,banknifty,34612.65,34639.6,34581.1,34639.6,1e+100
2021-07-30 10:00:00+00:00,banknifty,34636.65,34643.85,34590.2,34621.4,1e+100
2021-07-30 10:05:00+00:00,banknifty,34620.0,34623.05,34584.95,34594.15,1e+100
2021-07-30 10:10:00+00:00,banknifty,34591.6,34595.05,34550.0,34550.0,1e+100
2021-07-30 10:15:00+00:00,banknifty,34551.9,34559.8,34494.85,34520.6,1e+100
2021-07-30 10:20:00+00:00,banknifty,34525.05,34541.3,34514.05,34517.45,1e+100
2021-07-30 10:25:00+00:00,banknifty,34516.05,34520.05,34494.85,34514.4,1e+100
2021-07-30 10:30:00+00:00,banknifty,34511.05,34554.25,34493.25,34529.5,1e+100
2021-07-30 10:35:00+00:00,banknifty,34529.25,34572.6,34527.35,34560.65,1e+100
2021-07-30 10:40:00+00:00,banknifty,34559.95,34562.15,34538.95,34552.4,1e+100
2021-07-30 10:45:00+00:00,banknifty,34550.85,34553.1,34521.85,34531.5,1e+100
2021-07-30 10:50:00+00:00,banknifty,34531.8,34540.15,34511.95,34534.4,1e+100
2021-07-30 10:55:00+00:00,banknifty,34535.25,34576.7,34533.3,34559.4,1e+100
2021-07-30 11:00:00+00:00,banknifty,34558.7,34570.65,34540.35,34554.95,1e+100
2021-07-30 11:05:00+00:00,banknifty,34553.25,34560.7,34545.9,34550.8,1e+100
2021-07-30 11:10:00+00:00,banknifty,34550.3,34559.3,34534.05,34546.75,1e+100
2021-07-30 11:15:00+00:00,banknifty,34543.0,34564.05,34529.85,34562.05,1e+100
2021-07-30 11:20:00+00:00,banknifty,34561.25,34574.05,34549.35,34569.9,1e+100
2021-07-30 11:25:00+00:00,banknifty,34570.55,34573.2,34520.15,34524.5,1e+100
2021-07-30 11:30:00+00:00,banknifty,34524.4,34539.9,34511.85,34537.6,1e+100
2021-07-30 11:35:00+00:00,banknifty,34534.6,34562.45,34534.6,34553.35,1e+100
2021-07-30 11:40:00+00:00,banknifty,34552.25,34577.8,34544.45,34576.4,1e+100
2021-07-30 11:45:00+00:00,banknifty,34576.75,34589.25,34560.75,34581.2,1e+100
2021-07-30 11:50:00+00:00,banknifty,34580.55,34596.45,34568.1,34578.9,1e+100
2021-07-30 11:55:00+00:00,banknifty,34578.35,34583.4,34562.45,34568.1,1e+100
2021-07-30 12:00:00+00:00,banknifty,34568.2,34600.8,34558.0,34558.0,1e+100
2021-07-30 12:05:00+00:00,banknifty,34558.2,34574.55,34553.0,34569.65,1e+100
2021-07-30 12:10:00+00:00,banknifty,34570.3,34589.5,34565.9,34578.75,1e+100
2021-07-30 12:15:00+00:00,banknifty,34580.25,34593.55,34570.55,34582.6,1e+100
2021-07-30 12:20:00+00:00,banknifty,34577.25,34590.9,34552.95,34582.6,1e+100
2021-07-30 12:25:00+00:00,banknifty,34578.85,34586.15,34564.6,34570.95,1e+100
2021-07-30 12:30:00+00:00,banknifty,34568.65,34587.5,34568.65,34585.65,1e+100
2021-07-30 12:35:00+00:00,banknifty,34584.4,34600.8,34566.4,34586.45,1e+100
2021-07-30 12:40:00+00:00,banknifty,34588.8,34631.2,34585.85,34624.65,1e+100
2021-07-30 12:45:00+00:00,banknifty,34627.6,34642.0,34610.8,34631.1,1e+100
2021-07-30 12:50:00+00:00,banknifty,34630.7,34638.0,34608.75,34609.3,1e+100
2021-07-30 12:55:00+00:00,banknifty,34610.55,34611.75,34587.8,34602.95,1e+100
2021-07-30 13:00:00+00:00,banknifty,34600.5,34612.75,34586.5,34595.05,1e+100
2021-07-30 13:05:00+00:00,banknifty,34594.65,34604.4,34581.1,34595.1,1e+100
2021-07-30 13:10:00+00:00,banknifty,34592.35,34605.85,34590.3,34596.35,1e+100
2021-07-30 13:15:00+00:00,banknifty,34595.55,34598.5,34583.35,34590.55,1e+100
2021-07-30 13:20:00+00:00,banknifty,34591.0,34596.75,34583.45,34592.05,1e+100
2021-07-30 13:25:00+00:00,banknifty,34591.25,34613.0,34588.3,34595.8,1e+100
2021-07-30 13:30:00+00:00,banknifty,34597.1,34597.1,34545.9,34582.75,1e+100
2021-07-30 13:35:00+00:00,banknifty,34581.45,34586.7,34564.0,34574.15,1e+100
2021-07-30 13:40:00+00:00,banknifty,34575.05,34652.1,34573.25,34631.3,1e+100
2021-07-30 13:45:00+00:00,banknifty,34634.75,34687.7,34634.75,34682.7,1e+100
2021-07-30 13:50:00+00:00,banknifty,34683.0,34709.85,34670.65,34705.8,1e+100
2021-07-30 13:55:00+00:00,banknifty,34708.65,34738.75,34698.35,34730.8,1e+100
2021-07-30 14:00:00+00:00,banknifty,34732.6,34737.65,34683.5,34701.65,1e+100
2021-07-30 14:05:00+00:00,banknifty,34700.75,34719.1,34682.25,34703.0,1e+100
2021-07-30 14:10:00+00:00,banknifty,34704.85,34713.55,34681.55,34704.55,1e+100
2021-07-30 14:15:00+00:00,banknifty,34707.15,34712.35,34683.85,34706.75,1e+100
2021-07-30 14:20:00+00:00,banknifty,34708.2,34722.75,34689.85,34699.05,1e+100
2021-07-30 14:25:00+00:00,banknifty,34698.4,34700.45,34653.85,34678.85,1e+100
2021-07-30 14:30:00+00:00,banknifty,34677.75,34680.85,34631.9,34656.2,1e+100
2021-07-30 14:35:00+00:00,banknifty,34655.2,34664.65,34640.15,34643.85,1e+100
2021-07-30 14:40:00+00:00,banknifty,34644.35,34663.75,34631.15,34656.05,1e+100
2021-07-30 14:45:00+00:00,banknifty,34654.85,34657.95,34564.15,34567.05,1e+100
2021-07-30 14:50:00+00:00,banknifty,34568.2,34581.3,34542.1,34563.4,1e+100
2021-07-30 14:55:00+00:00,banknifty,34559.6,34578.5,34551.05,34576.25,1e+100
2021-07-30 15:00:00+00:00,banknifty,34570.75,34609.2,34533.2,34608.5,1e+100
2021-07-30 15:05:00+00:00,banknifty,34608.9,34619.55,34554.45,34561.05,1e+100
2021-07-30 15:10:00+00:00,banknifty,34559.8,34574.4,34543.95,34572.35,1e+100
2021-07-30 15:15:00+00:00,banknifty,34573.5,34594.85,34565.2,34581.6,1e+100
2021-07-30 15:20:00+00:00,banknifty,34582.5,34622.75,34581.35,34622.7,1e+100
2021-07-30 15:25:00+00:00,banknifty,34620.7,34622.35,34572.8,34576.15,1e+100
2021-07-30 15:30:00+00:00,banknifty,34579.5,34588.6,34579.5,34584.35,1e+100
