2021-07-13 09:15:00+00:00,nifty,15796.25,15796.25,15751.85,15756.8,1e+100
2021-07-13 09:20:00+00:00,nifty,15756.1,15765.85,15751.7,15764.2,1e+100
2021-07-13 09:25:00+00:00,nifty,15764.75,15765.55,15757.6,15763.55,1e+100
2021-07-13 09:30:00+00:00,nifty,15763.9,15764.85,15747.9,15752.8,1e+100
2021-07-13 09:35:00+00:00,nifty,15752.25,15761.35,15752.25,15758.9,1e+100
2021-07-13 09:40:00+00:00,nifty,15758.2,15769.2,15754.75,15769.0,1e+100
2021-07-13 09:45:00+00:00,nifty,15768.75,15769.6,15760.45,15763.25,1e+100
2021-07-13 09:50:00+00:00,nifty,15763.2,15769.1,15761.1,15767.3,1e+100
2021-07-13 09:55:00+00:00,nifty,15767.25,15770.4,15765.3,15770.4,1e+100
2021-07-13 10:00:00+00:00,nifty,15770.6,15777.0,15767.5,15769.3,1e+100
2021-07-13 10:05:00+00:00,nifty,15769.65,15769.65,15753.9,15760.15,1e+100
2021-07-13 10:10:00+00:00,nifty,15760.05,15763.6,15757.15,15762.9,1e+100
2021-07-13 10:15:00+00:00,nifty,15763.55,15766.0,15759.9,15762.25,1e+100
2021-07-13 10:20:00+00:00,nifty,15762.35,15770.2,15762.1,15764.15,1e+100
2021-07-13 10:25:00+00:00,nifty,15763.6,15768.3,15762.85,15768.05,1e+100
2021-07-13 10:30:00+00:00,nifty,15768.1,15770.45,15765.95,15767.05,1e+100
2021-07-13 10:35:00+00:00,nifty,15767.65,15768.9,15762.3,15762.3,1e+100
2021-07-13 10:40:00+00:00,nifty,15761.95,15762.3,15753.8,15757.05,1e+100
2021-07-13 10:45:00+00:00,nifty,15757.0,15759.55,15750.55,15751.0,1e+100
2021-07-13 10:50:00+00:00,nifty,15751.25,15751.95,15744.6,15747.7,1e+100
2021-07-13 10:55:00+00:00,nifty,15747.55,15756.6,15746.05,15756.15,1e+100
2021-07-13 11:00:00+00:00,nifty,15756.05,15763.0,15755.9,15762.5,1e+100
2021-07-13 11:05:00+00:00,nifty,15762.2,15765.4,15761.85,15764.35,1e+100
2021-07-13 11:10:00+00:00,nifty,15764.05,15768.0,15762.55,15764.8,1e+100
2021-07-13 11:15:00+00:00,nifty,15764.9,15774.85,15763.7,15772.8,1e+100
2021-07-13 11:20:00+00:00,nifty,15772.65,15773.2,15765.55,15765.8,1e+100
2021-07-13 11:25:00+00:00,nifty,15766.25,15766.4,15761.2,15764.25,1e+100
2021-07-13 11:30:00+00:00,nifty,15764.15,15768.75,15763.65,15765.8,1e+100
2021-07-13 11:35:00+00:00,nifty,15765.75,15771.2,15764.55,15769.25,1e+100
2021-07-13 11:40:00+00:00,nifty,15768.6,15774.9,15767.25,15774.85,1e+100
2021-07-13 11:45:00+00:00,nifty,15775.1,15779.95,15773.55,15775.1,1e+100
2021-07-13 11:50:00+00:00,nifty,15775.35,15783.35,15771.15,15783.2,1e+100
2021-07-13 11:55:00+00:00,nifty,15782.35,15795.7,15781.05,15789.05,1e+100
2021-07-13 12:00:00+00:00,nifty,15788.7,15789.4,15784.9,15786.7,1e+100
2021-07-13 12:05:00+00:00,nifty,15786.75,15792.5,15786.3,15790.8,1e+100
2021-07-13 12:10:00+00:00,nifty,15791.3,15795.7,15789.25,15793.2,1e+100
2021-07-13 12:15:00+00:00,nifty,15792.75,15797.4,15786.6,15787.0,1e+100
2021-07-13 12:20:00+00:00,nifty,15786.95,15791.1,15785.4,15785.45,1e+100
2021-07-13 12:25:00+00:00,nifty,15785.55,15792.5,15784.7,15790.3,1e+100
2021-07-13 12:30:00+00:00,nifty,15790.35,15797.3,15790.05,15791.3,1e+100
2021-07-13 12:35:00+00:00,nifty,15790.95,15792.8,15785.25,15787.2,1e+100
2021-07-13 12:40:00+00:00,nifty,15787.1,15788.75,15780.05,15787.9,1e+100
2021-07-13 12:45:00+00:00,nifty,15788.4,15792.05,15785.85,15786.45,1e+100
2021-07-13 12:50:00+00:00,nifty,15787.45,15792.1,15787.05,15790.05,1e+100
2021-07-13 12:55:00+00:00,nifty,15790.5,15795.75,15788.4,15795.7,1e+100
2021-07-13 13:00:00+00:00,nifty,15795.45,15805.4,15793.9,15802.85,1e+100
2021-07-13 13:05:00+00:00,nifty,15803.55,15812.2,15801.6,15802.7,1e+100
2021-07-13 13:10:00+00:00,nifty,15803.2,15805.9,15801.95,15805.5,1e+100
2021-07-13 13:15:00+00:00,nifty,15805.65,15806.3,15797.75,15799.25,1e+100
2021-07-13 13:20:00+00:00,nifty,15799.45,15801.4,15787.95,15789.7,1e+100
2021-07-13 13:25:00+00:00,nifty,15789.9,15795.25,15789.9,15792.8,1e+100
2021-07-13 13:30:00+00:00,nifty,15792.6,15805.4,15791.75,15802.65,1e+100
2021-07-13 13:35:00+00:00,nifty,15801.9,15805.1,15800.65,15805.1,1e+100
2021-07-13 13:40:00+00:00,nifty,15805.05,15805.3,15800.45,15802.35,1e+100
2021-07-13 13:45:00+00:00,nifty,15802.25,15802.75,15795.55,15797.05,1e+100
2021-07-13 13:50:00+00:00,nifty,15797.6,15804.9,15795.6,15801.05,1e+100
2021-07-13 13:55:00+00:00,nifty,15801.5,15813.6,15798.15,15810.35,1e+100
2021-07-13 14:00:00+00:00,nifty,15810.5,15815.6,15804.25,15804.25,1e+100
2021-07-13 14:05:00+00:00,nifty,15803.85,15806.65,15788.4,15791.95,1e+100
2021-07-13 14:10:00+00:00,nifty,15792.55,15804.05,15791.55,15800.9,1e+100
2021-07-13 14:15:00+00:00,nifty,15801.55,15810.45,15800.25,15808.8,1e+100
2021-07-13 14:20:00+00:00,nifty,15809.2,15809.2,15801.9,15808.5,1e+100
2021-07-13 14:25:00+00:00,nifty,15808.35,15810.0,15801.15,15801.35,1e+100
2021-07-13 14:30:00+00:00,nifty,15801.7,15804.25,15798.0,15800.95,1e+100
2021-07-13 14:35:00+00:00,nifty,15800.6,15805.4,15795.75,15800.25,1e+100
2021-07-13 14:40:00+00:00,nifty,15799.7,15801.45,15796.9,15798.05,1e+100
2021-07-13 14:45:00+00:00,nifty,15798.2,15806.35,15794.8,15804.35,1e+100
2021-07-13 14:50:00+00:00,nifty,15804.2,15805.35,15799.9,15802.55,1e+100
2021-07-13 14:55:00+00:00,nifty,15802.7,15805.05,15796.6,15797.5,1e+100
2021-07-13 15:00:00+00:00,nifty,15797.55,15814.5,15797.35,15807.55,1e+100
2021-07-13 15:05:00+00:00,nifty,15806.75,15810.75,15805.05,15809.25,1e+100
2021-07-13 15:10:00+00:00,nifty,15809.45,15817.2,15808.55,15816.2,1e+100
2021-07-13 15:15:00+00:00,nifty,15816.15,15819.1,15813.05,15817.1,1e+100
2021-07-13 15:20:00+00:00,nifty,15817.35,15820.8,15809.9,15811.5,1e+100
2021-07-13 15:25:00+00:00,nifty,15811.4,15813.65,15805.2,15807.9,1e+100
2021-07-13 15:30:00+00:00,nifty,15809.15,15812.35,15809.15,15812.35,1e+100
2021-07-14 09:05:00+00:00,nifty,15808.7,15808.7,15808.7,15808.7,1e+100
2021-07-14 09:15:00+00:00,nifty,15811.65,15811.7,15784.25,15789.75,1e+100
2021-07-14 09:20:00+00:00,nifty,15789.0,15811.5,15787.25,15810.5,1e+100
2021-07-14 09:25:00+00:00,nifty,15810.45,15811.35,15784.0,15790.5,1e+100
2021-07-14 09:30:00+00:00,nifty,15790.25,15791.7,15768.4,15776.0,1e+100
2021-07-14 09:35:00+00:00,nifty,15776.2,15783.5,15773.15,15780.9,1e+100
2021-07-14 09:40:00+00:00,nifty,15780.8,15791.6,15779.9,15784.85,1e+100
2021-07-14 09:45:00+00:00,nifty,15785.55,15789.55,15780.45,15784.85,1e+100
2021-07-14 09:50:00+00:00,nifty,15785.3,15786.25,15771.2,15771.9,1e+100
2021-07-14 09:55:00+00:00,nifty,15770.85,15775.55,15764.55,15770.65,1e+100
2021-07-14 10:00:00+00:00,nifty,15769.75,15777.25,15764.2,15776.3,1e+100
2021-07-14 10:05:00+00:00,nifty,15776.35,15781.15,15775.8,15777.9,1e+100
2021-07-14 10:10:00+00:00,nifty,15777.6,15787.9,15777.45,15787.65,1e+100
2021-07-14 10:15:00+00:00,nifty,15787.4,15788.35,15782.1,15785.8,1e+100
2021-07-14 10:20:00+00:00,nifty,15785.9,15790.9,15782.4,15790.7,1e+100
2021-07-14 10:25:00+00:00,nifty,15790.65,15800.85,15790.25,15797.55,1e+100
2021-07-14 10:30:00+00:00,nifty,15797.6,15802.2,15796.45,15801.95,1e+100
2021-07-14 10:35:00+00:00,nifty,15801.5,15812.75,15801.25,15812.05,1e+100
2021-07-14 10:40:00+00:00,nifty,15813.2,15822.5,15811.75,15821.25,1e+100
2021-07-14 10:45:00+00:00,nifty,15821.7,15828.45,15821.65,15823.9,1e+100
2021-07-14 10:50:00+00:00,nifty,15823.25,15829.35,15821.4,15828.6,1e+100
2021-07-14 10:55:00+00:00,nifty,15828.25,15830.0,15825.55,15826.4,1e+100
2021-07-14 11:00:00+00:00,nifty,15826.0,15828.8,15816.15,15821.85,1e+100
2021-07-14 11:05:00+00:00,nifty,15821.6,15831.8,15821.3,15831.65,1e+100
2021-07-14 11:10:00+00:00,nifty,15832.1,15838.8,15831.25,15835.9,1e+100
2021-07-14 11:15:00+00:00,nifty,15835.55,15837.7,15830.95,15832.55,1e+100
2021-07-14 11:20:00+00:00,nifty,15832.65,15834.35,15830.05,15831.75,1e+100
2021-07-14 11:25:00+00:00,nifty,15831.35,15834.45,15830.85,15834.25,1e+100
2021-07-14 11:30:00+00:00,nifty,15834.45,15835.35,15825.1,15834.4,1e+100
2021-07-14 11:35:00+00:00,nifty,15834.6,15840.05,15830.45,15830.7,1e+100
2021-07-14 11:40:00+00:00,nifty,15830.65,15836.35,15829.9,15833.15,1e+100
2021-07-14 11:45:00+00:00,nifty,15834.05,15837.8,15831.7,15837.6,1e+100
2021-07-14 11:50:00+00:00,nifty,15837.0,15839.9,15833.0,15835.05,1e+100
2021-07-14 11:55:00+00:00,nifty,15834.25,15840.85,15833.0,15838.4,1e+100
2021-07-14 12:00:00+00:00,nifty,15838.5,15842.45,15833.35,15833.35,1e+100
2021-07-14 12:05:00+00:00,nifty,15833.8,15835.4,15825.75,15834.9,1e+100
2021-07-14 12:10:00+00:00,nifty,15834.45,15839.25,15834.4,15837.1,1e+100
2021-07-14 12:15:00+00:00,nifty,15837.05,15844.6,15836.6,15843.4,1e+100
2021-07-14 12:20:00+00:00,nifty,15843.0,15848.1,15836.5,15841.65,1e+100
2021-07-14 12:25:00+00:00,nifty,15842.2,15845.55,15837.8,15843.65,1e+100
2021-07-14 12:30:00+00:00,nifty,15843.3,15848.85,15838.25,15843.25,1e+100
2021-07-14 12:35:00+00:00,nifty,15842.95,15848.05,15833.5,15846.65,1e+100
2021-07-14 12:40:00+00:00,nifty,15846.3,15855.05,15844.05,15854.9,1e+100
2021-07-14 12:45:00+00:00,nifty,15854.05,15867.75,15853.1,15866.0,1e+100
2021-07-14 12:50:00+00:00,nifty,15866.4,15866.4,15854.65,15855.6,1e+100
2021-07-14 12:55:00+00:00,nifty,15855.4,15864.75,15855.25,15861.7,1e+100
2021-07-14 13:00:00+00:00,nifty,15861.25,15869.6,15861.25,15868.25,1e+100
2021-07-14 13:05:00+00:00,nifty,15867.85,15874.05,15867.5,15868.35,1e+100
2021-07-14 13:10:00+00:00,nifty,15867.8,15877.35,15867.35,15875.1,1e+100
2021-07-14 13:15:00+00:00,nifty,15874.9,15876.7,15860.55,15861.2,1e+100
2021-07-14 13:20:00+00:00,nifty,15861.3,15863.2,15856.6,15862.05,1e+100
2021-07-14 13:25:00+00:00,nifty,15861.9,15862.1,15853.1,15855.6,1e+100
2021-07-14 13:30:00+00:00,nifty,15855.1,15857.5,15852.0,15855.3,1e+100
2021-07-14 13:35:00+00:00,nifty,15854.05,15854.75,15847.4,15852.8,1e+100
2021-07-14 13:40:00+00:00,nifty,15852.15,15852.75,15848.75,15852.75,1e+100
2021-07-14 13:45:00+00:00,nifty,15852.45,15853.4,15840.9,15847.5,1e+100
2021-07-14 13:50:00+00:00,nifty,15846.75,15861.6,15845.8,15858.7,1e+100
2021-07-14 13:55:00+00:00,nifty,15858.9,15863.55,15853.5,15856.55,1e+100
2021-07-14 14:00:00+00:00,nifty,15856.05,15857.8,15848.35,15850.2,1e+100
2021-07-14 14:05:00+00:00,nifty,15850.15,15857.05,15848.45,15855.9,1e+100
2021-07-14 14:10:00+00:00,nifty,15856.9,15856.9,15852.8,15855.55,1e+100
2021-07-14 14:15:00+00:00,nifty,15854.85,15855.4,15848.5,15849.55,1e+100
2021-07-14 14:20:00+00:00,nifty,15848.95,15863.95,15848.35,15858.8,1e+100
2021-07-14 14:25:00+00:00,nifty,15859.0,15860.45,15846.6,15846.9,1e+100
2021-07-14 14:30:00+00:00,nifty,15846.55,15858.25,15842.35,15857.8,1e+100
2021-07-14 14:35:00+00:00,nifty,15857.3,15867.2,15857.3,15860.7,1e+100
2021-07-14 14:40:00+00:00,nifty,15860.15,15863.5,15858.05,15861.15,1e+100
2021-07-14 14:45:00+00:00,nifty,15861.25,15864.35,15856.05,15863.2,1e+100
2021-07-14 14:50:00+00:00,nifty,15862.1,15864.35,15857.35,15861.3,1e+100
2021-07-14 14:55:00+00:00,nifty,15860.85,15862.35,15857.7,15860.5,1e+100
2021-07-14 15:00:00+00:00,nifty,15860.3,15868.6,15859.2,15865.35,1e+100
2021-07-14 15:05:00+00:00,nifty,15864.9,15867.45,15861.3,15866.05,1e+100
2021-07-14 15:10:00+00:00,nifty,15866.1,15867.8,15862.15,15863.75,1e+100
2021-07-14 15:15:00+00:00,nifty,15862.95,15863.85,15847.85,15850.0,1e+100
2021-07-14 15:20:00+00:00,nifty,15850.2,15854.8,15836.1,15837.2,1e+100
2021-07-14 15:25:00+00:00,nifty,15837.05,15845.35,15834.45,15845.35,1e+100
2021-07-14 15:30:00+00:00,nifty,15844.85,15853.95,15844.85,15853.95,1e+100
2021-07-15 09:05:00+00:00,nifty,15872.15,15872.15,15872.15,15872.15,1e+100
2021-07-15 09:15:00+00:00,nifty,15878.15,15886.75,15855.0,15877.25,1e+100
2021-07-15 09:20:00+00:00,nifty,15877.2,15884.2,15866.9,15879.8,1e+100
2021-07-15 09:25:00+00:00,nifty,15879.6,15896.15,15876.4,15885.95,1e+100
2021-07-15 09:30:00+00:00,nifty,15886.5,15890.3,15880.9,15885.1,1e+100
2021-07-15 09:35:00+00:00,nifty,15885.8,15892.25,15879.2,15889.2,1e+100
2021-07-15 09:40:00+00:00,nifty,15890.0,15896.45,15888.0,15892.35,1e+100
2021-07-15 09:45:00+00:00,nifty,15891.8,15897.35,15887.2,15896.85,1e+100
2021-07-15 09:50:00+00:00,nifty,15897.45,15902.2,15893.25,15898.65,1e+100
2021-07-15 09:55:00+00:00,nifty,15898.75,15899.45,15884.65,15889.85,1e+100
2021-07-15 10:00:00+00:00,nifty,15890.4,15890.65,15883.45,15887.1,1e+100
2021-07-15 10:05:00+00:00,nifty,15886.8,15892.95,15885.45,15887.8,1e+100
2021-07-15 10:10:00+00:00,nifty,15887.7,15890.2,15883.55,15886.8,1e+100
2021-07-15 10:15:00+00:00,nifty,15886.55,15888.6,15882.05,15884.9,1e+100
2021-07-15 10:20:00+00:00,nifty,15884.45,15893.3,15883.95,15891.65,1e+100
2021-07-15 10:25:00+00:00,nifty,15890.9,15895.5,15890.15,15891.65,1e+100
2021-07-15 10:30:00+00:00,nifty,15892.2,15894.45,15886.1,15892.4,1e+100
2021-07-15 10:35:00+00:00,nifty,15891.65,15901.15,15890.45,15899.75,1e+100
2021-07-15 10:40:00+00:00,nifty,15900.35,15913.9,15900.35,15912.2,1e+100
2021-07-15 10:45:00+00:00,nifty,15911.7,15921.1,15910.85,15911.55,1e+100
2021-07-15 10:50:00+00:00,nifty,15910.6,15921.4,15907.4,15921.25,1e+100
2021-07-15 10:55:00+00:00,nifty,15920.8,15936.0,15920.65,15934.0,1e+100
2021-07-15 11:00:00+00:00,nifty,15933.75,15940.65,15924.1,15930.2,1e+100
2021-07-15 11:05:00+00:00,nifty,15930.35,15936.65,15929.95,15932.1,1e+100
2021-07-15 11:10:00+00:00,nifty,15932.3,15934.6,15928.75,15931.95,1e+100
2021-07-15 11:15:00+00:00,nifty,15932.5,15939.25,15931.2,15937.6,1e+100
2021-07-15 11:20:00+00:00,nifty,15937.55,15938.6,15934.55,15937.85,1e+100
2021-07-15 11:25:00+00:00,nifty,15938.15,15938.5,15933.6,15937.25,1e+100
2021-07-15 11:30:00+00:00,nifty,15937.2,15938.9,15932.55,15935.05,1e+100
2021-07-15 11:35:00+00:00,nifty,15934.55,15939.55,15934.15,15935.95,1e+100
2021-07-15 11:40:00+00:00,nifty,15936.7,15937.2,15929.4,15930.45,1e+100
2021-07-15 11:45:00+00:00,nifty,15931.15,15932.95,15927.55,15930.75,1e+100
2021-07-15 11:50:00+00:00,nifty,15931.55,15932.2,15924.9,15925.65,1e+100
2021-07-15 11:55:00+00:00,nifty,15925.5,15933.25,15922.55,15933.25,1e+100
2021-07-15 12:00:00+00:00,nifty,15932.7,15939.3,15929.0,15936.95,1e+100
2021-07-15 12:05:00+00:00,nifty,15936.5,15937.7,15934.0,15936.7,1e+100
2021-07-15 12:10:00+00:00,nifty,15936.9,15937.95,15932.15,15933.7,1e+100
2021-07-15 12:15:00+00:00,nifty,15933.3,15941.2,15930.55,15940.15,1e+100
2021-07-15 12:20:00+00:00,nifty,15940.2,15946.65,15939.75,15944.0,1e+100
2021-07-15 12:25:00+00:00,nifty,15944.15,15946.15,15938.95,15939.95,1e+100
2021-07-15 12:30:00+00:00,nifty,15940.25,15940.8,15933.0,15936.85,1e+100
2021-07-15 12:35:00+00:00,nifty,15937.2,15941.1,15936.15,15939.8,1e+100
2021-07-15 12:40:00+00:00,nifty,15939.95,15941.95,15933.7,15934.5,1e+100
2021-07-15 12:45:00+00:00,nifty,15934.35,15935.0,15922.65,15923.35,1e+100
2021-07-15 12:50:00+00:00,nifty,15923.0,15923.95,15913.95,15915.85,1e+100
2021-07-15 12:55:00+00:00,nifty,15916.25,15918.6,15909.55,15917.15,1e+100
2021-07-15 13:00:00+00:00,nifty,15917.35,15925.65,15912.5,15925.3,1e+100
2021-07-15 13:05:00+00:00,nifty,15925.25,15932.45,15924.35,15931.2,1e+100
2021-07-15 13:10:00+00:00,nifty,15931.9,15933.65,15929.35,15932.3,1e+100
2021-07-15 13:15:00+00:00,nifty,15932.4,15938.7,15930.8,15936.7,1e+100
2021-07-15 13:20:00+00:00,nifty,15936.8,15939.3,15930.85,15931.65,1e+100
2021-07-15 13:25:00+00:00,nifty,15932.0,15932.5,15921.35,15925.7,1e+100
2021-07-15 13:30:00+00:00,nifty,15925.0,15926.65,15914.9,15923.65,1e+100
2021-07-15 13:35:00+00:00,nifty,15921.2,15931.9,15921.2,15931.1,1e+100
2021-07-15 13:40:00+00:00,nifty,15929.35,15935.4,15928.5,15933.2,1e+100
2021-07-15 13:45:00+00:00,nifty,15933.0,15939.7,15932.35,15937.65,1e+100
2021-07-15 13:50:00+00:00,nifty,15938.0,15951.0,15936.2,15950.65,1e+100
2021-07-15 13:55:00+00:00,nifty,15951.0,15951.25,15941.35,15944.9,1e+100
2021-07-15 14:00:00+00:00,nifty,15944.15,15944.95,15932.1,15944.6,1e+100
2021-07-15 14:05:00+00:00,nifty,15944.3,15948.45,15941.25,15943.8,1e+100
2021-07-15 14:10:00+00:00,nifty,15943.65,15946.8,15940.3,15946.1,1e+100
2021-07-15 14:15:00+00:00,nifty,15946.3,15947.4,15942.55,15945.5,1e+100
2021-07-15 14:20:00+00:00,nifty,15945.15,15952.15,15941.15,15951.0,1e+100
2021-07-15 14:25:00+00:00,nifty,15951.35,15952.35,15944.25,15948.1,1e+100
2021-07-15 14:30:00+00:00,nifty,15948.25,15951.15,15945.25,15949.15,1e+100
2021-07-15 14:35:00+00:00,nifty,15949.3,15950.45,15939.45,15942.3,1e+100
2021-07-15 14:40:00+00:00,nifty,15943.0,15946.2,15939.05,15939.6,1e+100
2021-07-15 14:45:00+00:00,nifty,15939.75,15939.85,15924.2,15924.95,1e+100
2021-07-15 14:50:00+00:00,nifty,15924.3,15930.75,15920.55,15926.85,1e+100
2021-07-15 14:55:00+00:00,nifty,15926.5,15926.55,15914.7,15918.95,1e+100
2021-07-15 15:00:00+00:00,nifty,15919.5,15930.15,15919.1,15930.0,1e+100
2021-07-15 15:05:00+00:00,nifty,15930.45,15933.75,15925.6,15930.75,1e+100
2021-07-15 15:10:00+00:00,nifty,15930.8,15931.8,15919.55,15921.1,1e+100
2021-07-15 15:15:00+00:00,nifty,15920.3,15924.35,15919.7,15921.4,1e+100
2021-07-15 15:20:00+00:00,nifty,15922.8,15928.2,15916.8,15921.85,1e+100
2021-07-15 15:25:00+00:00,nifty,15921.25,15926.35,15918.35,15920.7,1e+100
2021-07-15 15:30:00+00:00,nifty,15918.2,15924.2,15918.2,15924.2,1e+100
2021-07-16 09:05:00+00:00,nifty,15958.35,15958.35,15958.35,15958.35,1e+100
2021-07-16 09:15:00+00:00,nifty,15948.8,15962.25,15930.7,15943.15,1e+100
2021-07-16 09:20:00+00:00,nifty,15941.05,15942.8,15930.0,15940.55,1e+100
2021-07-16 09:25:00+00:00,nifty,15940.45,15960.35,15936.35,15957.95,1e+100
2021-07-16 09:30:00+00:00,nifty,15956.9,15960.8,15943.95,15945.7,1e+100
2021-07-16 09:35:00+00:00,nifty,15946.1,15960.15,15945.8,15954.8,1e+100
2021-07-16 09:40:00+00:00,nifty,15954.0,15959.15,15948.6,15953.7,1e+100
2021-07-16 09:45:00+00:00,nifty,15953.3,15961.3,15952.55,15953.6,1e+100
2021-07-16 09:50:00+00:00,nifty,15953.9,15956.45,15946.55,15954.6,1e+100
2021-07-16 09:55:00+00:00,nifty,15954.9,15958.1,15949.9,15955.85,1e+100
2021-07-16 10:00:00+00:00,nifty,15956.35,15956.8,15929.2,15930.55,1e+100
2021-07-16 10:05:00+00:00,nifty,15930.9,15936.65,15921.95,15929.7,1e+100
2021-07-16 10:10:00+00:00,nifty,15929.05,15933.85,15918.2,15927.35,1e+100
2021-07-16 10:15:00+00:00,nifty,15927.4,15928.95,15921.8,15924.35,1e+100
2021-07-16 10:20:00+00:00,nifty,15924.05,15924.05,15906.75,15913.75,1e+100
2021-07-16 10:25:00+00:00,nifty,15913.8,15924.95,15913.45,15923.6,1e+100
2021-07-16 10:30:00+00:00,nifty,15923.1,15938.45,15923.1,15930.95,1e+100
2021-07-16 10:35:00+00:00,nifty,15931.0,15942.85,15930.35,15937.75,1e+100
2021-07-16 10:40:00+00:00,nifty,15937.6,15946.0,15934.2,15943.9,1e+100
2021-07-16 10:45:00+00:00,nifty,15944.35,15946.55,15935.6,15938.1,1e+100
2021-07-16 10:50:00+00:00,nifty,15937.9,15943.25,15936.35,15937.55,1e+100
2021-07-16 10:55:00+00:00,nifty,15937.25,15938.5,15923.9,15928.0,1e+100
2021-07-16 11:00:00+00:00,nifty,15928.15,15932.3,15925.45,15931.0,1e+100
2021-07-16 11:05:00+00:00,nifty,15931.05,15937.55,15930.7,15932.7,1e+100
2021-07-16 11:10:00+00:00,nifty,15933.3,15939.15,15929.3,15938.75,1e+100
2021-07-16 11:15:00+00:00,nifty,15938.65,15942.75,15934.65,15940.95,1e+100
2021-07-16 11:20:00+00:00,nifty,15941.7,15944.1,15937.6,15937.6,1e+100
2021-07-16 11:25:00+00:00,nifty,15938.2,15938.5,15934.55,15935.4,1e+100
2021-07-16 11:30:00+00:00,nifty,15936.3,15936.6,15928.2,15930.55,1e+100
2021-07-16 11:35:00+00:00,nifty,15930.8,15931.2,15916.5,15916.5,1e+100
2021-07-16 11:40:00+00:00,nifty,15916.8,15925.15,15913.65,15923.45,1e+100
2021-07-16 11:45:00+00:00,nifty,15924.55,15927.4,15919.65,15919.65,1e+100
2021-07-16 11:50:00+00:00,nifty,15919.8,15928.5,15919.25,15927.0,1e+100
2021-07-16 11:55:00+00:00,nifty,15926.75,15927.5,15912.5,15913.25,1e+100
2021-07-16 12:00:00+00:00,nifty,15913.2,15914.25,15902.8,15905.15,1e+100
2021-07-16 12:05:00+00:00,nifty,15906.1,15906.75,15896.0,15906.6,1e+100
2021-07-16 12:10:00+00:00,nifty,15904.8,15914.55,15904.25,15908.25,1e+100
2021-07-16 12:15:00+00:00,nifty,15909.15,15909.45,15898.95,15901.4,1e+100
2021-07-16 12:20:00+00:00,nifty,15902.25,15903.1,15892.55,15893.0,1e+100
2021-07-16 12:25:00+00:00,nifty,15892.6,15900.45,15887.9,15899.55,1e+100
2021-07-16 12:30:00+00:00,nifty,15899.6,15909.95,15899.4,15906.4,1e+100
2021-07-16 12:35:00+00:00,nifty,15906.65,15914.25,15903.15,15911.9,1e+100
2021-07-16 12:40:00+00:00,nifty,15910.85,15918.15,15910.25,15915.2,1e+100
2021-07-16 12:45:00+00:00,nifty,15915.95,15917.75,15912.7,15913.35,1e+100
2021-07-16 12:50:00+00:00,nifty,15913.65,15915.5,15909.6,15910.5,1e+100
2021-07-16 12:55:00+00:00,nifty,15910.6,15916.55,15910.1,15915.2,1e+100
2021-07-16 13:00:00+00:00,nifty,15915.75,15916.0,15905.2,15906.2,1e+100
2021-07-16 13:05:00+00:00,nifty,15906.0,15921.6,15905.25,15920.95,1e+100
2021-07-16 13:10:00+00:00,nifty,15921.0,15924.7,15917.5,15918.7,1e+100
2021-07-16 13:15:00+00:00,nifty,15919.0,15921.85,15916.75,15917.95,1e+100
2021-07-16 13:20:00+00:00,nifty,15917.4,15920.35,15914.2,15916.0,1e+100
2021-07-16 13:25:00+00:00,nifty,15916.4,15921.0,15911.85,15912.35,1e+100
2021-07-16 13:30:00+00:00,nifty,15913.5,15916.2,15904.0,15905.2,1e+100
2021-07-16 13:35:00+00:00,nifty,15905.1,15906.85,15893.9,15895.8,1e+100
2021-07-16 13:40:00+00:00,nifty,15895.9,15904.55,15895.15,15897.7,1e+100
2021-07-16 13:45:00+00:00,nifty,15897.15,15902.75,15896.75,15899.3,1e+100
2021-07-16 13:50:00+00:00,nifty,15900.0,15900.7,15889.5,15895.85,1e+100
2021-07-16 13:55:00+00:00,nifty,15895.45,15896.3,15889.25,15889.55,1e+100
2021-07-16 14:00:00+00:00,nifty,15889.15,15901.1,15884.1,15896.85,1e+100
2021-07-16 14:05:00+00:00,nifty,15895.0,15896.15,15882.6,15886.25,1e+100
2021-07-16 14:10:00+00:00,nifty,15885.35,15904.3,15885.2,15904.3,1e+100
2021-07-16 14:15:00+00:00,nifty,15904.45,15910.9,15902.45,15909.7,1e+100
2021-07-16 14:20:00+00:00,nifty,15909.65,15927.75,15909.6,15922.05,1e+100
2021-07-16 14:25:00+00:00,nifty,15924.25,15936.15,15922.75,15924.65,1e+100
2021-07-16 14:30:00+00:00,nifty,15925.0,15926.65,15920.05,15923.95,1e+100
2021-07-16 14:35:00+00:00,nifty,15923.6,15933.1,15923.45,15931.3,1e+100
2021-07-16 14:40:00+00:00,nifty,15930.85,15935.35,15930.35,15932.1,1e+100
2021-07-16 14:45:00+00:00,nifty,15931.95,15934.8,15926.25,15931.45,1e+100
2021-07-16 14:50:00+00:00,nifty,15931.4,15941.6,15929.4,15931.35,1e+100
2021-07-16 14:55:00+00:00,nifty,15931.25,15932.95,15923.1,15923.65,1e+100
2021-07-16 15:00:00+00:00,nifty,15925.0,15931.35,15920.85,15931.35,1e+100
2021-07-16 15:05:00+00:00,nifty,15931.45,15932.75,15925.6,15932.75,1e+100
2021-07-16 15:10:00+00:00,nifty,15932.2,15932.95,15922.9,15923.25,1e+100
2021-07-16 15:15:00+00:00,nifty,15923.7,15923.7,15915.4,15916.75,1e+100
2021-07-16 15:20:00+00:00,nifty,15916.6,15925.7,15914.85,15922.6,1e+100
2021-07-16 15:25:00+00:00,nifty,15922.4,15924.8,15918.05,15923.6,1e+100
2021-07-16 15:30:00+00:00,nifty,15921.2,15923.4,15921.2,15923.4,1e+100
2021-07-19 09:05:00+00:00,nifty,15754.5,15754.5,15754.5,15754.5,1e+100
2021-07-19 09:15:00+00:00,nifty,15755.65,15795.45,15735.95,15791.2,1e+100
2021-07-19 09:20:00+00:00,nifty,15790.55,15823.6,15788.05,15823.4,1e+100
2021-07-19 09:25:00+00:00,nifty,15823.95,15828.3,15811.15,15825.2,1e+100
2021-07-19 09:30:00+00:00,nifty,15825.95,15833.35,15810.05,15812.25,1e+100
2021-07-19 09:35:00+00:00,nifty,15812.1,15816.85,15799.85,15816.85,1e+100
2021-07-19 09:40:00+00:00,nifty,15816.65,15824.25,15815.95,15818.3,1e+100
2021-07-19 09:45:00+00:00,nifty,15818.55,15822.95,15812.2,15822.95,1e+100
2021-07-19 09:50:00+00:00,nifty,15822.2,15825.95,15818.95,15822.1,1e+100
2021-07-19 09:55:00+00:00,nifty,15822.45,15831.55,15820.75,15829.4,1e+100
2021-07-19 10:00:00+00:00,nifty,15829.35,15836.8,15823.5,15835.95,1e+100
2021-07-19 10:05:00+00:00,nifty,15836.2,15836.9,15825.25,15827.9,1e+100
2021-07-19 10:10:00+00:00,nifty,15828.8,15833.45,15824.1,15825.2,1e+100
2021-07-19 10:15:00+00:00,nifty,15825.0,15830.25,15817.75,15817.75,1e+100
2021-07-19 10:20:00+00:00,nifty,15818.15,15822.7,15815.0,15822.7,1e+100
2021-07-19 10:25:00+00:00,nifty,15822.8,15826.15,15818.7,15824.45,1e+100
2021-07-19 10:30:00+00:00,nifty,15824.25,15826.0,15818.95,15823.15,1e+100
2021-07-19 10:35:00+00:00,nifty,15822.05,15829.55,15820.4,15827.55,1e+100
2021-07-19 10:40:00+00:00,nifty,15827.1,15829.55,15825.25,15827.5,1e+100
2021-07-19 10:45:00+00:00,nifty,15827.45,15829.9,15824.2,15827.3,1e+100
2021-07-19 10:50:00+00:00,nifty,15827.5,15827.5,15822.2,15824.8,1e+100
2021-07-19 10:55:00+00:00,nifty,15824.65,15825.0,15809.25,15810.55,1e+100
2021-07-19 11:00:00+00:00,nifty,15810.5,15818.95,15809.85,15818.5,1e+100
2021-07-19 11:05:00+00:00,nifty,15818.4,15823.25,15816.75,15822.4,1e+100
2021-07-19 11:10:00+00:00,nifty,15822.55,15824.25,15818.65,15821.15,1e+100
2021-07-19 11:15:00+00:00,nifty,15821.05,15824.8,15818.45,15820.9,1e+100
2021-07-19 11:20:00+00:00,nifty,15821.95,15824.1,15819.7,15820.15,1e+100
2021-07-19 11:25:00+00:00,nifty,15820.45,15823.85,15813.4,15814.75,1e+100
2021-07-19 11:30:00+00:00,nifty,15814.3,15819.35,15810.75,15818.45,1e+100
2021-07-19 11:35:00+00:00,nifty,15818.25,15826.7,15818.25,15825.85,1e+100
2021-07-19 11:40:00+00:00,nifty,15826.4,15829.2,15824.45,15826.0,1e+100
2021-07-19 11:45:00+00:00,nifty,15826.25,15826.5,15819.7,15821.6,1e+100
2021-07-19 11:50:00+00:00,nifty,15822.25,15824.1,15816.65,15820.25,1e+100
2021-07-19 11:55:00+00:00,nifty,15819.5,15820.85,15815.6,15817.75,1e+100
2021-07-19 12:00:00+00:00,nifty,15817.25,15817.75,15812.6,15815.1,1e+100
2021-07-19 12:05:00+00:00,nifty,15815.3,15821.95,15814.4,15820.5,1e+100
2021-07-19 12:10:00+00:00,nifty,15820.6,15822.55,15817.55,15820.1,1e+100
2021-07-19 12:15:00+00:00,nifty,15820.6,15820.9,15812.55,15815.0,1e+100
2021-07-19 12:20:00+00:00,nifty,15815.2,15817.7,15814.95,15816.05,1e+100
2021-07-19 12:25:00+00:00,nifty,15816.25,15816.25,15804.95,15806.2,1e+100
2021-07-19 12:30:00+00:00,nifty,15806.15,15807.4,15797.3,15803.05,1e+100
2021-07-19 12:35:00+00:00,nifty,15803.9,15803.9,15784.8,15785.25,1e+100
2021-07-19 12:40:00+00:00,nifty,15785.6,15785.6,15775.8,15778.15,1e+100
2021-07-19 12:45:00+00:00,nifty,15777.9,15782.45,15768.35,15771.3,1e+100
2021-07-19 12:50:00+00:00,nifty,15770.75,15771.95,15759.2,15759.2,1e+100
2021-07-19 12:55:00+00:00,nifty,15759.6,15762.05,15748.75,15755.55,1e+100
2021-07-19 13:00:00+00:00,nifty,15756.95,15763.25,15748.55,15748.7,1e+100
2021-07-19 13:05:00+00:00,nifty,15748.2,15748.3,15730.9,15732.95,1e+100
2021-07-19 13:10:00+00:00,nifty,15732.55,15755.85,15729.45,15755.5,1e+100
2021-07-19 13:15:00+00:00,nifty,15755.35,15764.5,15753.4,15763.15,1e+100
2021-07-19 13:20:00+00:00,nifty,15763.55,15769.95,15761.45,15769.3,1e+100
2021-07-19 13:25:00+00:00,nifty,15769.5,15770.75,15762.7,15763.05,1e+100
2021-07-19 13:30:00+00:00,nifty,15763.25,15767.6,15755.8,15762.35,1e+100
2021-07-19 13:35:00+00:00,nifty,15763.0,15771.75,15761.1,15761.7,1e+100
2021-07-19 13:40:00+00:00,nifty,15761.75,15765.95,15753.35,15763.15,1e+100
2021-07-19 13:45:00+00:00,nifty,15763.2,15766.0,15758.9,15761.5,1e+100
2021-07-19 13:50:00+00:00,nifty,15761.55,15769.55,15759.1,15759.1,1e+100
2021-07-19 13:55:00+00:00,nifty,15759.4,15760.5,15754.7,15757.0,1e+100
2021-07-19 14:00:00+00:00,nifty,15757.2,15771.3,15753.45,15763.95,1e+100
2021-07-19 14:05:00+00:00,nifty,15764.2,15766.65,15759.05,15759.05,1e+100
2021-07-19 14:10:00+00:00,nifty,15759.0,15759.8,15751.95,15754.0,1e+100
2021-07-19 14:15:00+00:00,nifty,15753.35,15753.35,15740.45,15740.55,1e+100
2021-07-19 14:20:00+00:00,nifty,15740.95,15748.15,15735.15,15746.05,1e+100
2021-07-19 14:25:00+00:00,nifty,15745.95,15746.6,15733.0,15735.55,1e+100
2021-07-19 14:30:00+00:00,nifty,15736.0,15736.0,15725.7,15730.5,1e+100
2021-07-19 14:35:00+00:00,nifty,15730.25,15731.05,15718.3,15719.6,1e+100
2021-07-19 14:40:00+00:00,nifty,15719.55,15721.75,15710.0,15710.95,1e+100
2021-07-19 14:45:00+00:00,nifty,15710.8,15734.25,15707.5,15730.85,1e+100
2021-07-19 14:50:00+00:00,nifty,15731.7,15741.6,15731.7,15735.7,1e+100
2021-07-19 14:55:00+00:00,nifty,15736.95,15746.6,15735.2,15746.6,1e+100
2021-07-19 15:00:00+00:00,nifty,15746.75,15750.85,15734.8,15746.4,1e+100
2021-07-19 15:05:00+00:00,nifty,15746.7,15753.0,15740.95,15750.6,1e+100
2021-07-19 15:10:00+00:00,nifty,15750.55,15753.85,15746.8,15751.0,1e+100
2021-07-19 15:15:00+00:00,nifty,15751.1,15755.6,15748.85,15755.45,1e+100
2021-07-19 15:20:00+00:00,nifty,15755.4,15766.1,15751.5,15760.9,1e+100
2021-07-19 15:25:00+00:00,nifty,15760.15,15764.35,15752.35,15757.9,1e+100
2021-07-19 15:30:00+00:00,nifty,15758.25,15758.25,15752.4,15752.4,1e+100
2021-07-20 09:05:00+00:00,nifty,15703.95,15703.95,15703.95,15703.95,1e+100
2021-07-20 09:15:00+00:00,nifty,15717.25,15728.45,15687.9,15690.8,1e+100
2021-07-20 09:20:00+00:00,nifty,15689.75,15698.6,15681.3,15698.6,1e+100
2021-07-20 09:25:00+00:00,nifty,15698.55,15707.0,15688.1,15694.05,1e+100
2021-07-20 09:30:00+00:00,nifty,15694.0,15694.0,15659.85,15662.35,1e+100
2021-07-20 09:35:00+00:00,nifty,15662.1,15662.25,15645.4,15652.3,1e+100
2021-07-20 09:40:00+00:00,nifty,15652.65,15669.45,15650.45,15664.6,1e+100
2021-07-20 09:45:00+00:00,nifty,15664.35,15668.4,15649.6,15649.6,1e+100
2021-07-20 09:50:00+00:00,nifty,15649.9,15653.9,15642.45,15651.15,1e+100
2021-07-20 09:55:00+00:00,nifty,15650.45,15659.6,15647.8,15656.95,1e+100
2021-07-20 10:00:00+00:00,nifty,15656.85,15666.8,15655.8,15661.65,1e+100
2021-07-20 10:05:00+00:00,nifty,15662.05,15671.05,15658.45,15669.5,1e+100
2021-07-20 10:10:00+00:00,nifty,15670.0,15682.9,15668.7,15676.25,1e+100
2021-07-20 10:15:00+00:00,nifty,15676.5,15677.75,15659.85,15661.5,1e+100
2021-07-20 10:20:00+00:00,nifty,15660.7,15663.3,15655.4,15656.8,1e+100
2021-07-20 10:25:00+00:00,nifty,15656.45,15656.65,15635.3,15645.1,1e+100
2021-07-20 10:30:00+00:00,nifty,15645.0,15649.75,15637.15,15642.55,1e+100
2021-07-20 10:35:00+00:00,nifty,15643.2,15644.95,15633.75,15634.45,1e+100
2021-07-20 10:40:00+00:00,nifty,15633.5,15633.8,15608.45,15611.55,1e+100
2021-07-20 10:45:00+00:00,nifty,15611.35,15614.95,15597.75,15606.85,1e+100
2021-07-20 10:50:00+00:00,nifty,15606.75,15619.5,15603.05,15618.4,1e+100
2021-07-20 10:55:00+00:00,nifty,15618.5,15625.2,15614.15,15614.75,1e+100
2021-07-20 11:00:00+00:00,nifty,15614.15,15621.1,15606.95,15606.95,1e+100
2021-07-20 11:05:00+00:00,nifty,15606.9,15607.15,15592.25,15600.95,1e+100
2021-07-20 11:10:00+00:00,nifty,15600.85,15600.85,15584.5,15592.15,1e+100
2021-07-20 11:15:00+00:00,nifty,15591.6,15600.4,15585.45,15598.85,1e+100
2021-07-20 11:20:00+00:00,nifty,15598.75,15607.2,15597.7,15599.25,1e+100
2021-07-20 11:25:00+00:00,nifty,15598.15,15599.9,15585.5,15595.95,1e+100
2021-07-20 11:30:00+00:00,nifty,15595.25,15617.5,15594.45,15611.5,1e+100
2021-07-20 11:35:00+00:00,nifty,15611.95,15612.3,15600.5,15602.6,1e+100
2021-07-20 11:40:00+00:00,nifty,15602.45,15605.95,15597.8,15603.65,1e+100
2021-07-20 11:45:00+00:00,nifty,15603.05,15607.15,15598.9,15607.15,1e+100
2021-07-20 11:50:00+00:00,nifty,15606.75,15611.7,15605.3,15609.95,1e+100
2021-07-20 11:55:00+00:00,nifty,15609.7,15614.25,15596.05,15596.15,1e+100
2021-07-20 12:00:00+00:00,nifty,15596.1,15598.6,15592.7,15592.75,1e+100
2021-07-20 12:05:00+00:00,nifty,15594.05,15594.05,15578.55,15581.9,1e+100
2021-07-20 12:10:00+00:00,nifty,15581.75,15588.85,15579.25,15584.25,1e+100
2021-07-20 12:15:00+00:00,nifty,15583.95,15589.1,15582.85,15587.85,1e+100
2021-07-20 12:20:00+00:00,nifty,15587.5,15604.65,15587.5,15603.35,1e+100
2021-07-20 12:25:00+00:00,nifty,15603.2,15616.35,15603.2,15615.85,1e+100
2021-07-20 12:30:00+00:00,nifty,15615.2,15637.0,15608.65,15630.2,1e+100
2021-07-20 12:35:00+00:00,nifty,15630.05,15631.1,15621.2,15625.55,1e+100
2021-07-20 12:40:00+00:00,nifty,15626.6,15640.35,15625.3,15638.25,1e+100
2021-07-20 12:45:00+00:00,nifty,15638.55,15647.3,15637.5,15637.85,1e+100
2021-07-20 12:50:00+00:00,nifty,15637.5,15642.5,15631.4,15638.75,1e+100
2021-07-20 12:55:00+00:00,nifty,15638.55,15658.15,15634.3,15656.5,1e+100
2021-07-20 13:00:00+00:00,nifty,15657.25,15665.5,15655.65,15665.5,1e+100
2021-07-20 13:05:00+00:00,nifty,15665.25,15669.95,15652.65,15654.0,1e+100
2021-07-20 13:10:00+00:00,nifty,15653.85,15669.0,15650.35,15668.95,1e+100
2021-07-20 13:15:00+00:00,nifty,15670.35,15676.1,15668.45,15670.75,1e+100
2021-07-20 13:20:00+00:00,nifty,15670.6,15674.65,15665.95,15668.45,1e+100
2021-07-20 13:25:00+00:00,nifty,15668.3,15671.35,15658.3,15663.75,1e+100
2021-07-20 13:30:00+00:00,nifty,15662.45,15669.85,15650.9,15667.05,1e+100
2021-07-20 13:35:00+00:00,nifty,15667.15,15670.9,15657.5,15657.5,1e+100
2021-07-20 13:40:00+00:00,nifty,15658.3,15675.8,15652.35,15675.05,1e+100
2021-07-20 13:45:00+00:00,nifty,15674.6,15682.6,15672.75,15672.75,1e+100
2021-07-20 13:50:00+00:00,nifty,15672.1,15676.7,15665.55,15673.05,1e+100
2021-07-20 13:55:00+00:00,nifty,15672.45,15672.5,15658.85,15668.0,1e+100
2021-07-20 14:00:00+00:00,nifty,15667.8,15675.4,15662.45,15667.55,1e+100
2021-07-20 14:05:00+00:00,nifty,15667.65,15672.35,15662.6,15666.05,1e+100
2021-07-20 14:10:00+00:00,nifty,15666.55,15677.65,15666.55,15676.6,1e+100
2021-07-20 14:15:00+00:00,nifty,15676.65,15679.15,15640.2,15640.75,1e+100
2021-07-20 14:20:00+00:00,nifty,15641.15,15646.45,15626.95,15645.8,1e+100
2021-07-20 14:25:00+00:00,nifty,15644.8,15662.75,15639.95,15660.35,1e+100
2021-07-20 14:30:00+00:00,nifty,15660.4,15667.85,15655.1,15656.5,1e+100
2021-07-20 14:35:00+00:00,nifty,15656.2,15656.8,15642.3,15647.9,1e+100
2021-07-20 14:40:00+00:00,nifty,15647.75,15653.85,15643.05,15651.75,1e+100
2021-07-20 14:45:00+00:00,nifty,15651.1,15651.5,15639.9,15651.0,1e+100
2021-07-20 14:50:00+00:00,nifty,15650.8,15659.75,15649.8,15651.85,1e+100
2021-07-20 14:55:00+00:00,nifty,15651.6,15653.3,15645.75,15648.05,1e+100
2021-07-20 15:00:00+00:00,nifty,15647.95,15653.0,15636.0,15649.95,1e+100
2021-07-20 15:05:00+00:00,nifty,15649.9,15651.25,15638.0,15641.1,1e+100
2021-07-20 15:10:00+00:00,nifty,15641.4,15643.15,15636.8,15636.8,1e+100
2021-07-20 15:15:00+00:00,nifty,15636.95,15637.55,15618.3,15622.05,1e+100
2021-07-20 15:20:00+00:00,nifty,15621.3,15634.9,15621.3,15626.55,1e+100
2021-07-20 15:25:00+00:00,nifty,15625.6,15632.45,15617.5,15624.5,1e+100
2021-07-20 15:30:00+00:00,nifty,15622.2,15632.1,15622.2,15632.1,1e+100
2021-07-22 09:05:00+00:00,nifty,15736.6,15736.6,15736.6,15736.6,1e+100
2021-07-22 09:15:00+00:00,nifty,15746.75,15755.95,15726.4,15752.6,1e+100
2021-07-22 09:20:00+00:00,nifty,15752.95,15762.4,15742.25,15747.7,1e+100
2021-07-22 09:25:00+00:00,nifty,15748.15,15761.25,15748.15,15757.05,1e+100
2021-07-22 09:30:00+00:00,nifty,15757.2,15765.9,15753.6,15761.8,1e+100
2021-07-22 09:35:00+00:00,nifty,15761.5,15770.0,15761.3,15768.85,1e+100
2021-07-22 09:40:00+00:00,nifty,15768.95,15770.85,15763.45,15765.65,1e+100
2021-07-22 09:45:00+00:00,nifty,15765.5,15771.85,15764.85,15770.6,1e+100
2021-07-22 09:50:00+00:00,nifty,15769.95,15778.8,15769.95,15774.95,1e+100
2021-07-22 09:55:00+00:00,nifty,15775.35,15790.35,15775.1,15789.45,1e+100
2021-07-22 10:00:00+00:00,nifty,15789.75,15790.6,15777.9,15784.8,1e+100
2021-07-22 10:05:00+00:00,nifty,15785.6,15791.25,15781.6,15788.1,1e+100
2021-07-22 10:10:00+00:00,nifty,15787.95,15796.45,15786.8,15791.65,1e+100
2021-07-22 10:15:00+00:00,nifty,15791.1,15799.7,15780.65,15783.5,1e+100
2021-07-22 10:20:00+00:00,nifty,15783.2,15786.2,15776.4,15785.95,1e+100
2021-07-22 10:25:00+00:00,nifty,15784.25,15792.55,15783.35,15791.3,1e+100
2021-07-22 10:30:00+00:00,nifty,15791.25,15794.5,15788.75,15793.15,1e+100
2021-07-22 10:35:00+00:00,nifty,15792.65,15803.7,15792.3,15801.15,1e+100
2021-07-22 10:40:00+00:00,nifty,15801.35,15805.95,15800.7,15800.9,1e+100
2021-07-22 10:45:00+00:00,nifty,15801.2,15812.3,15801.2,15807.65,1e+100
2021-07-22 10:50:00+00:00,nifty,15807.95,15813.25,15807.95,15810.15,1e+100
2021-07-22 10:55:00+00:00,nifty,15809.95,15810.2,15799.05,15801.2,1e+100
2021-07-22 11:00:00+00:00,nifty,15801.45,15812.8,15800.65,15806.75,1e+100
2021-07-22 11:05:00+00:00,nifty,15806.45,15810.7,15803.35,15805.5,1e+100
2021-07-22 11:10:00+00:00,nifty,15805.25,15811.7,15805.25,15808.5,1e+100
2021-07-22 11:15:00+00:00,nifty,15808.0,15815.9,15808.0,15808.35,1e+100
2021-07-22 11:20:00+00:00,nifty,15807.95,15810.55,15803.55,15805.95,1e+100
2021-07-22 11:25:00+00:00,nifty,15805.75,15805.75,15801.15,15802.4,1e+100
2021-07-22 11:30:00+00:00,nifty,15802.35,15805.65,15795.4,15797.8,1e+100
2021-07-22 11:35:00+00:00,nifty,15797.75,15802.2,15797.25,15800.4,1e+100
2021-07-22 11:40:00+00:00,nifty,15799.4,15813.2,15799.4,15808.95,1e+100
2021-07-22 11:45:00+00:00,nifty,15808.45,15810.9,15804.95,15806.8,1e+100
2021-07-22 11:50:00+00:00,nifty,15806.45,15810.15,15806.15,15808.65,1e+100
2021-07-22 11:55:00+00:00,nifty,15808.85,15811.6,15807.8,15808.6,1e+100
2021-07-22 12:00:00+00:00,nifty,15808.45,15812.25,15806.35,15811.9,1e+100
2021-07-22 12:05:00+00:00,nifty,15811.85,15821.6,15811.15,15821.25,1e+100
2021-07-22 12:10:00+00:00,nifty,15821.0,15825.9,15818.5,15819.4,1e+100
2021-07-22 12:15:00+00:00,nifty,15819.35,15822.25,15812.3,15813.8,1e+100
2021-07-22 12:20:00+00:00,nifty,15813.5,15816.5,15807.8,15811.35,1e+100
2021-07-22 12:25:00+00:00,nifty,15811.75,15814.9,15808.3,15812.15,1e+100
2021-07-22 12:30:00+00:00,nifty,15812.45,15822.35,15811.9,15815.65,1e+100
2021-07-22 12:35:00+00:00,nifty,15815.8,15816.05,15810.1,15813.55,1e+100
2021-07-22 12:40:00+00:00,nifty,15813.35,15816.2,15809.4,15811.9,1e+100
2021-07-22 12:45:00+00:00,nifty,15811.65,15816.0,15807.9,15812.55,1e+100
2021-07-22 12:50:00+00:00,nifty,15812.2,15815.05,15805.95,15814.6,1e+100
2021-07-22 12:55:00+00:00,nifty,15814.75,15815.2,15800.25,15805.1,1e+100
2021-07-22 13:00:00+00:00,nifty,15805.75,15808.5,15798.3,15798.95,1e+100
2021-07-22 13:05:00+00:00,nifty,15799.45,15806.1,15798.8,15801.7,1e+100
2021-07-22 13:10:00+00:00,nifty,15801.9,15804.7,15796.25,15796.25,1e+100
2021-07-22 13:15:00+00:00,nifty,15797.15,15802.8,15796.4,15799.25,1e+100
2021-07-22 13:20:00+00:00,nifty,15799.55,15824.15,15799.55,15819.75,1e+100
2021-07-22 13:25:00+00:00,nifty,15820.0,15820.8,15812.45,15816.35,1e+100
2021-07-22 13:30:00+00:00,nifty,15816.25,15820.7,15809.4,15809.8,1e+100
2021-07-22 13:35:00+00:00,nifty,15810.2,15811.8,15803.85,15805.55,1e+100
2021-07-22 13:40:00+00:00,nifty,15804.9,15809.55,15799.35,15804.15,1e+100
2021-07-22 13:45:00+00:00,nifty,15803.8,15806.8,15796.65,15806.75,1e+100
2021-07-22 13:50:00+00:00,nifty,15807.6,15811.75,15805.1,15805.3,1e+100
2021-07-22 13:55:00+00:00,nifty,15805.35,15808.95,15800.1,15801.3,1e+100
2021-07-22 14:00:00+00:00,nifty,15802.0,15804.45,15795.55,15800.95,1e+100
2021-07-22 14:05:00+00:00,nifty,15801.0,15807.4,15798.45,15802.3,1e+100
2021-07-22 14:10:00+00:00,nifty,15801.9,15809.25,15797.75,15807.1,1e+100
2021-07-22 14:15:00+00:00,nifty,15807.05,15809.0,15787.55,15787.55,1e+100
2021-07-22 14:20:00+00:00,nifty,15786.8,15792.4,15776.1,15780.3,1e+100
2021-07-22 14:25:00+00:00,nifty,15780.4,15789.9,15777.05,15783.45,1e+100
2021-07-22 14:30:00+00:00,nifty,15783.3,15788.7,15779.2,15781.8,1e+100
2021-07-22 14:35:00+00:00,nifty,15781.6,15788.55,15778.65,15784.25,1e+100
2021-07-22 14:40:00+00:00,nifty,15784.05,15784.85,15773.85,15775.9,1e+100
2021-07-22 14:45:00+00:00,nifty,15776.8,15781.9,15769.25,15772.65,1e+100
2021-07-22 14:50:00+00:00,nifty,15772.6,15781.6,15768.85,15780.95,1e+100
2021-07-22 14:55:00+00:00,nifty,15781.1,15789.7,15778.6,15788.95,1e+100
2021-07-22 15:00:00+00:00,nifty,15789.1,15819.2,15789.1,15819.2,1e+100
2021-07-22 15:05:00+00:00,nifty,15818.6,15827.05,15818.6,15822.15,1e+100
2021-07-22 15:10:00+00:00,nifty,15822.05,15826.4,15818.85,15819.1,1e+100
2021-07-22 15:15:00+00:00,nifty,15819.55,15830.7,15819.3,15826.85,1e+100
2021-07-22 15:20:00+00:00,nifty,15827.05,15834.8,15826.65,15832.35,1e+100
2021-07-22 15:25:00+00:00,nifty,15831.55,15832.15,15821.0,15827.7,1e+100
2021-07-22 15:30:00+00:00,nifty,15829.55,15829.55,15824.05,15824.05,1e+100
2021-07-23 09:05:00+00:00,nifty,15856.8,15856.8,15856.8,15856.8,1e+100
2021-07-23 09:15:00+00:00,nifty,15857.1,15869.05,15841.3,15868.65,1e+100
2021-07-23 09:20:00+00:00,nifty,15869.5,15876.45,15858.55,15864.35,1e+100
2021-07-23 09:25:00+00:00,nifty,15863.7,15873.5,15853.0,15854.7,1e+100
2021-07-23 09:30:00+00:00,nifty,15853.85,15853.85,15768.4,15782.7,1e+100
2021-07-23 09:35:00+00:00,nifty,15783.9,15817.85,15776.3,15806.1,1e+100
2021-07-23 09:40:00+00:00,nifty,15805.35,15811.25,15787.95,15787.95,1e+100
2021-07-23 09:45:00+00:00,nifty,15786.9,15805.25,15776.15,15802.75,1e+100
2021-07-23 09:50:00+00:00,nifty,15802.0,15833.25,15802.0,15832.85,1e+100
2021-07-23 09:55:00+00:00,nifty,15833.35,15846.05,15832.65,15844.05,1e+100
2021-07-23 10:00:00+00:00,nifty,15843.35,15848.6,15840.55,15842.35,1e+100
2021-07-23 10:05:00+00:00,nifty,15841.45,15842.55,15827.7,15827.7,1e+100
2021-07-23 10:10:00+00:00,nifty,15828.35,15850.7,15827.7,15850.1,1e+100
2021-07-23 10:15:00+00:00,nifty,15850.6,15856.2,15844.25,15844.95,1e+100
2021-07-23 10:20:00+00:00,nifty,15846.05,15850.3,15838.95,15843.25,1e+100
2021-07-23 10:25:00+00:00,nifty,15843.3,15848.6,15839.35,15843.9,1e+100
2021-07-23 10:30:00+00:00,nifty,15843.6,15844.75,15837.45,15838.85,1e+100
2021-07-23 10:35:00+00:00,nifty,15839.5,15840.15,15814.0,15814.6,1e+100
2021-07-23 10:40:00+00:00,nifty,15816.95,15822.7,15803.3,15809.8,1e+100
2021-07-23 10:45:00+00:00,nifty,15810.7,15819.4,15807.6,15809.65,1e+100
2021-07-23 10:50:00+00:00,nifty,15810.45,15810.85,15797.3,15810.45,1e+100
2021-07-23 10:55:00+00:00,nifty,15809.85,15830.3,15809.4,15822.35,1e+100
2021-07-23 11:00:00+00:00,nifty,15821.5,15828.6,15819.8,15823.85,1e+100
2021-07-23 11:05:00+00:00,nifty,15824.15,15845.0,15824.15,15844.8,1e+100
2021-07-23 11:10:00+00:00,nifty,15844.95,15846.8,15833.2,15835.8,1e+100
2021-07-23 11:15:00+00:00,nifty,15835.6,15835.6,15826.95,15830.15,1e+100
2021-07-23 11:20:00+00:00,nifty,15829.45,15835.15,15826.75,15832.55,1e+100
2021-07-23 11:25:00+00:00,nifty,15833.5,15833.5,15826.5,15828.35,1e+100
2021-07-23 11:30:00+00:00,nifty,15828.25,15831.35,15820.4,15823.45,1e+100
2021-07-23 11:35:00+00:00,nifty,15823.2,15826.35,15820.2,15822.55,1e+100
2021-07-23 11:40:00+00:00,nifty,15822.35,15829.34960938,15821.2,15828.95019531,1e+100
2021-07-23 11:45:00+00:00,nifty,15828.45019531,15837.75,15828.45019531,15837.75,1e+100
2021-07-23 11:50:00+00:00,nifty,15838.09960938,15850.15039063,15837.75,15847.04980469,1e+100
2021-07-23 11:55:00+00:00,nifty,15847.5,15850.84960938,15841.45019531,15843.45019531,1e+100
2021-07-23 12:00:00+00:00,nifty,15843.04980469,15847.70019531,15840.15039063,15845.20019531,1e+100
2021-07-23 12:05:00+00:00,nifty,15844.40039063,15852.90039063,15843.84960938,15848.29980469,1e+100
2021-07-23 12:10:00+00:00,nifty,15848.45019531,15853.40039063,15843.04980469,15845.25,1e+100
2021-07-23 12:15:00+00:00,nifty,15845.15039063,15855.95019531,15840.70019531,15855.5,1e+100
2021-07-23 12:20:00+00:00,nifty,15856.29980469,15860.54980469,15856.29980469,15856.5,1e+100
2021-07-23 12:25:00+00:00,nifty,15856.65039063,15856.65039063,15847.40039063,15851.59960938,1e+100
2021-07-23 12:30:00+00:00,nifty,15848.79980469,15853.34960938,15845.20019531,15853.25,1e+100
2021-07-23 12:35:00+00:00,nifty,15852.59960938,15859.54980469,15850.25,15859.29980469,1e+100
2021-07-23 12:40:00+00:00,nifty,15860.34960938,15861.65039063,15856.40039063,15861.54980469,1e+100
2021-07-23 12:45:00+00:00,nifty,15861.0,15870.5,15861.0,15867.90039063,1e+100
2021-07-23 12:50:00+00:00,nifty,15865.65039063,15872.79980469,15865.29980469,15870.04980469,1e+100
2021-07-23 12:55:00+00:00,nifty,15869.70019531,15870.45019531,15861.20019531,15866.59960938,1e+100
2021-07-23 13:00:00+00:00,nifty,15867.25,15873.20019531,15867.25,15872.09960938,1e+100
2021-07-23 13:05:00+00:00,nifty,15872.70019531,15877.5,15871.90039063,15875.15039063,1e+100
2021-07-23 13:10:00+00:00,nifty,15875.25,15885.09960938,15874.75,15875.45019531,1e+100
2021-07-23 13:15:00+00:00,nifty,15876.09960938,15879.45019531,15866.65039063,15870.5,1e+100
2021-07-23 13:20:00+00:00,nifty,15870.45019531,15882.29980469,15868.59960938,15878.90039063,1e+100
2021-07-23 13:25:00+00:00,nifty,15879.90039063,15882.20019531,15872.70019531,15873.25,1e+100
2021-07-23 13:30:00+00:00,nifty,15873.6,15879.45,15870.0,15876.75,1e+100
2021-07-23 13:35:00+00:00,nifty,15877.9,15885.3,15875.5,15885.1,1e+100
2021-07-23 13:40:00+00:00,nifty,15884.65,15892.5,15883.15,15883.15,1e+100
2021-07-23 13:45:00+00:00,nifty,15884.35,15886.3,15881.3,15882.0,1e+100
2021-07-23 13:50:00+00:00,nifty,15883.0,15885.45,15881.6,15883.2,1e+100
2021-07-23 13:55:00+00:00,nifty,15884.5,15893.9,15879.95,15884.2,1e+100
2021-07-23 14:00:00+00:00,nifty,15884.75,15899.8,15884.75,15895.0,1e+100
2021-07-23 14:05:00+00:00,nifty,15897.1,15897.1,15886.0,15887.6,1e+100
2021-07-23 14:10:00+00:00,nifty,15888.3,15894.2,15885.1,15892.95,1e+100
2021-07-23 14:15:00+00:00,nifty,15892.5,15893.85,15873.0,15875.85,1e+100
2021-07-23 14:20:00+00:00,nifty,15874.75,15879.2,15868.35,15876.0,1e+100
2021-07-23 14:25:00+00:00,nifty,15875.5,15879.3,15868.95,15878.25,1e+100
2021-07-23 14:30:00+00:00,nifty,15878.6,15880.6,15871.5,15878.3,1e+100
2021-07-23 14:35:00+00:00,nifty,15878.0,15887.9,15878.0,15884.0,1e+100
2021-07-23 14:40:00+00:00,nifty,15883.5,15885.0,15874.05,15879.9,1e+100
2021-07-23 14:45:00+00:00,nifty,15878.95,15890.2,15877.7,15887.85,1e+100
2021-07-23 14:50:00+00:00,nifty,15888.85,15894.3,15885.25,15887.15,1e+100
2021-07-23 14:55:00+00:00,nifty,15886.55,15888.25,15879.4,15881.05,1e+100
2021-07-23 15:00:00+00:00,nifty,15882.15,15882.35,15862.65,15870.5,1e+100
2021-07-23 15:05:00+00:00,nifty,15868.55,15869.85,15861.4,15863.05,1e+100
2021-07-23 15:10:00+00:00,nifty,15862.55,15866.1,15857.9,15859.8,1e+100
2021-07-23 15:15:00+00:00,nifty,15860.6,15860.6,15851.0,15854.25,1e+100
2021-07-23 15:20:00+00:00,nifty,15854.2,15854.2,15840.95,15846.9,1e+100
2021-07-23 15:25:00+00:00,nifty,15847.05,15853.65,15844.25,15850.8,1e+100
2021-07-23 15:30:00+00:00,nifty,15850.4,15856.05,15850.4,15856.05,1e+100
2021-07-26 09:05:00+00:00,nifty,15849.3,15849.3,15849.3,15849.3,1e+100
2021-07-26 09:15:00+00:00,nifty,15849.6,15849.6,15797.0,15830.0,1e+100
2021-07-26 09:20:00+00:00,nifty,15827.95,15853.35,15810.25,15848.7,1e+100
2021-07-26 09:25:00+00:00,nifty,15849.5,15877.15,15847.9,15866.1,1e+100
2021-07-26 09:30:00+00:00,nifty,15866.5,15869.4,15832.15,15844.55,1e+100
2021-07-26 09:35:00+00:00,nifty,15843.9,15856.25,15835.85,15852.5,1e+100
2021-07-26 09:40:00+00:00,nifty,15851.05,15855.15,15846.0,15848.8,1e+100
2021-07-26 09:45:00+00:00,nifty,15848.45,15849.35,15837.15,15847.5,1e+100
2021-07-26 09:50:00+00:00,nifty,15848.05,15859.65,15848.05,15854.75,1e+100
2021-07-26 09:55:00+00:00,nifty,15853.95,15857.0,15848.05,15855.65,1e+100
2021-07-26 10:00:00+00:00,nifty,15855.95,15874.95,15855.95,15871.8,1e+100
2021-07-26 10:05:00+00:00,nifty,15872.8,15880.8,15866.3,15873.5,1e+100
2021-07-26 10:10:00+00:00,nifty,15873.8,15874.8,15860.7,15870.3,1e+100
2021-07-26 10:15:00+00:00,nifty,15870.8,15874.15,15864.7,15864.7,1e+100
2021-07-26 10:20:00+00:00,nifty,15864.2,15867.75,15859.35,15867.75,1e+100
2021-07-26 10:25:00+00:00,nifty,15867.25,15874.5,15861.9,15863.55,1e+100
2021-07-26 10:30:00+00:00,nifty,15864.05,15886.5,15863.65,15884.45,1e+100
2021-07-26 10:35:00+00:00,nifty,15885.2,15893.35,15881.5,15885.15,1e+100
2021-07-26 10:40:00+00:00,nifty,15884.7,15887.0,15878.8,15882.3,1e+100
2021-07-26 10:45:00+00:00,nifty,15881.8,15883.15,15870.6,15877.5,1e+100
2021-07-26 10:50:00+00:00,nifty,15876.55,15879.75,15869.4,15872.6,1e+100
2021-07-26 10:55:00+00:00,nifty,15871.0,15875.0,15868.05,15873.65,1e+100
2021-07-26 11:00:00+00:00,nifty,15873.1,15883.4,15873.1,15881.55,1e+100
2021-07-26 11:05:00+00:00,nifty,15881.6,15886.0,15879.2,15884.8,1e+100
2021-07-26 11:10:00+00:00,nifty,15884.6,15886.2,15879.25,15880.95,1e+100
2021-07-26 11:15:00+00:00,nifty,15880.65,15886.95,15876.9,15885.85,1e+100
2021-07-26 11:20:00+00:00,nifty,15886.05,15886.95,15878.3,15882.25,1e+100
2021-07-26 11:25:00+00:00,nifty,15881.95,15883.0,15876.25,15877.95,1e+100
2021-07-26 11:30:00+00:00,nifty,15878.05,15880.85,15859.3,15862.5,1e+100
2021-07-26 11:35:00+00:00,nifty,15862.4,15866.1,15851.0,15851.85,1e+100
2021-07-26 11:40:00+00:00,nifty,15850.35,15857.1,15842.0,15851.95,1e+100
2021-07-26 11:45:00+00:00,nifty,15851.45,15851.85,15843.8,15847.2,1e+100
2021-07-26 11:50:00+00:00,nifty,15847.35,15851.6,15844.7,15849.2,1e+100
2021-07-26 11:55:00+00:00,nifty,15848.65,15850.25,15846.15,15846.75,1e+100
2021-07-26 12:00:00+00:00,nifty,15846.3,15855.45,15837.5,15854.0,1e+100
2021-07-26 12:05:00+00:00,nifty,15854.65,15857.55,15851.1,15853.4,1e+100
2021-07-26 12:10:00+00:00,nifty,15853.25,15855.05,15847.55,15849.7,1e+100
2021-07-26 12:15:00+00:00,nifty,15849.8,15851.0,15839.75,15844.85,1e+100
2021-07-26 12:20:00+00:00,nifty,15845.5,15849.75,15843.6,15845.95,1e+100
2021-07-26 12:25:00+00:00,nifty,15845.6,15852.6,15843.7,15852.6,1e+100
2021-07-26 12:30:00+00:00,nifty,15851.9,15867.5,15851.9,15867.0,1e+100
2021-07-26 12:35:00+00:00,nifty,15866.6,15867.25,15858.65,15866.15,1e+100
2021-07-26 12:40:00+00:00,nifty,15865.7,15867.95,15858.05,15859.2,1e+100
2021-07-26 12:45:00+00:00,nifty,15859.3,15861.55,15850.8,15859.85,1e+100
2021-07-26 12:50:00+00:00,nifty,15859.7,15862.05,15854.8,15857.25,1e+100
2021-07-26 12:55:00+00:00,nifty,15857.4,15860.7,15852.05,15857.15,1e+100
2021-07-26 13:00:00+00:00,nifty,15856.8,15869.2,15856.8,15859.1,1e+100
2021-07-26 13:05:00+00:00,nifty,15859.05,15863.7,15855.7,15861.5,1e+100
2021-07-26 13:10:00+00:00,nifty,15861.35,15861.35,15849.3,15851.25,1e+100
2021-07-26 13:15:00+00:00,nifty,15850.95,15856.35,15847.85,15853.75,1e+100
2021-07-26 13:20:00+00:00,nifty,15853.0,15856.05,15846.6,15852.1,1e+100
2021-07-26 13:25:00+00:00,nifty,15852.2,15859.6,15851.0,15858.3,1e+100
2021-07-26 13:30:00+00:00,nifty,15858.9,15861.9,15845.35,15851.1,1e+100
2021-07-26 13:35:00+00:00,nifty,15850.55,15862.35,15849.65,15861.4,1e+100
2021-07-26 13:40:00+00:00,nifty,15861.55,15871.4,15859.05,15861.2,1e+100
2021-07-26 13:45:00+00:00,nifty,15860.75,15867.0,15858.9,15862.8,1e+100
2021-07-26 13:50:00+00:00,nifty,15863.0,15865.85,15851.5,15853.65,1e+100
2021-07-26 13:55:00+00:00,nifty,15853.7,15854.3,15844.0,15844.35,1e+100
2021-07-26 14:00:00+00:00,nifty,15844.75,15854.6,15841.1,15854.2,1e+100
2021-07-26 14:05:00+00:00,nifty,15854.9,15857.7,15849.5,15849.85,1e+100
2021-07-26 14:10:00+00:00,nifty,15850.35,15854.5,15846.0,15851.65,1e+100
2021-07-26 14:15:00+00:00,nifty,15852.1,15856.35,15848.6,15849.85,1e+100
2021-07-26 14:20:00+00:00,nifty,15849.9,15854.35,15848.85,15853.55,1e+100
2021-07-26 14:25:00+00:00,nifty,15853.1,15867.95,15846.05,15858.4,1e+100
2021-07-26 14:30:00+00:00,nifty,15858.7,15858.8,15830.0,15838.05,1e+100
2021-07-26 14:35:00+00:00,nifty,15837.65,15842.75,15832.15,15837.7,1e+100
2021-07-26 14:40:00+00:00,nifty,15838.0,15846.9,15831.2,15832.35,1e+100
2021-07-26 14:45:00+00:00,nifty,15832.65,15837.5,15826.6,15830.55,1e+100
2021-07-26 14:50:00+00:00,nifty,15830.85,15843.65,15830.85,15840.9,1e+100
2021-07-26 14:55:00+00:00,nifty,15841.3,15841.3,15831.3,15837.8,1e+100
2021-07-26 15:00:00+00:00,nifty,15838.3,15840.1,15826.0,15828.55,1e+100
2021-07-26 15:05:00+00:00,nifty,15829.05,15832.25,15821.6,15830.8,1e+100
2021-07-26 15:10:00+00:00,nifty,15831.75,15834.9,15822.55,15823.2,1e+100
2021-07-26 15:15:00+00:00,nifty,15823.25,15826.05,15818.5,15822.55,1e+100
2021-07-26 15:20:00+00:00,nifty,15821.85,15833.5,15820.4,15824.6,1e+100
2021-07-26 15:25:00+00:00,nifty,15824.7,15825.15,15815.35,15821.45,1e+100
2021-07-26 15:30:00+00:00,nifty,15821.15,15824.45,15821.15,15824.45,1e+100
2021-07-27 09:05:00+00:00,nifty,15860.5,15860.5,15860.5,15860.5,1e+100
2021-07-27 09:15:00+00:00,nifty,15860.95,15881.55,15851.45,15871.25,1e+100
2021-07-27 09:20:00+00:00,nifty,15872.25,15877.5,15860.0,15865.35,1e+100
2021-07-27 09:25:00+00:00,nifty,15865.8,15867.9,15854.65,15867.4,1e+100
2021-07-27 09:30:00+00:00,nifty,15867.95,15876.2,15867.7,15867.7,1e+100
2021-07-27 09:35:00+00:00,nifty,15867.6,15870.35,15861.85,15863.1,1e+100
2021-07-27 09:40:00+00:00,nifty,15862.6,15864.3,15845.0,15852.25,1e+100
2021-07-27 09:45:00+00:00,nifty,15852.15,15859.05,15845.95,15855.7,1e+100
2021-07-27 09:50:00+00:00,nifty,15854.7,15858.2,15852.8,15858.15,1e+100
2021-07-27 09:55:00+00:00,nifty,15857.85,15871.9,15857.4,15870.0,1e+100
2021-07-27 10:00:00+00:00,nifty,15870.2,15873.55,15863.05,15866.15,1e+100
2021-07-27 10:05:00+00:00,nifty,15865.75,15872.75,15865.75,15871.9,1e+100
2021-07-27 10:10:00+00:00,nifty,15871.55,15871.6,15866.7,15868.75,1e+100
2021-07-27 10:15:00+00:00,nifty,15868.05,15876.05,15868.05,15875.6,1e+100
2021-07-27 10:20:00+00:00,nifty,15876.15,15878.4,15871.05,15872.65,1e+100
2021-07-27 10:25:00+00:00,nifty,15872.3,15878.0,15871.1,15876.2,1e+100
2021-07-27 10:30:00+00:00,nifty,15875.65,15878.55,15872.8,15875.7,1e+100
2021-07-27 10:35:00+00:00,nifty,15875.5,15877.5,15871.6,15873.1,1e+100
2021-07-27 10:40:00+00:00,nifty,15872.9,15872.95,15861.1,15862.55,1e+100
2021-07-27 10:45:00+00:00,nifty,15861.7,15862.9,15855.15,15856.4,1e+100
2021-07-27 10:50:00+00:00,nifty,15856.45,15857.8,15852.15,15852.5,1e+100
2021-07-27 10:55:00+00:00,nifty,15852.7,15855.4,15849.95,15854.4,1e+100
2021-07-27 11:00:00+00:00,nifty,15854.7,15854.8,15845.75,15845.9,1e+100
2021-07-27 11:05:00+00:00,nifty,15845.5,15850.3,15841.5,15847.2,1e+100
2021-07-27 11:10:00+00:00,nifty,15846.85,15853.1,15846.6,15850.05,1e+100
2021-07-27 11:15:00+00:00,nifty,15850.1,15855.4,15848.95,15850.05,1e+100
2021-07-27 11:20:00+00:00,nifty,15849.45,15849.45,15839.75,15843.2,1e+100
2021-07-27 11:25:00+00:00,nifty,15843.6,15843.6,15831.75,15834.1,1e+100
2021-07-27 11:30:00+00:00,nifty,15834.3,15839.25,15833.65,15838.4,1e+100
2021-07-27 11:35:00+00:00,nifty,15838.05,15838.05,15827.4,15831.1,1e+100
2021-07-27 11:40:00+00:00,nifty,15830.6,15836.1,15828.45,15835.35,1e+100
2021-07-27 11:45:00+00:00,nifty,15835.75,15847.75,15835.35,15844.6,1e+100
2021-07-27 11:50:00+00:00,nifty,15845.1,15852.4,15840.85,15850.0,1e+100
2021-07-27 11:55:00+00:00,nifty,15850.05,15853.0,15839.65,15840.7,1e+100
2021-07-27 12:00:00+00:00,nifty,15840.3,15842.45,15836.2,15838.5,1e+100
2021-07-27 12:05:00+00:00,nifty,15838.95,15841.25,15830.95,15831.25,1e+100
2021-07-27 12:10:00+00:00,nifty,15831.5,15837.3,15824.25,15834.75,1e+100
2021-07-27 12:15:00+00:00,nifty,15834.3,15836.55,15827.7,15828.8,1e+100
2021-07-27 12:20:00+00:00,nifty,15828.05,15828.75,15804.4,15810.45,1e+100
2021-07-27 12:25:00+00:00,nifty,15809.55,15814.0,15806.85,15810.25,1e+100
2021-07-27 12:30:00+00:00,nifty,15810.8,15811.55,15788.25,15793.1,1e+100
2021-07-27 12:35:00+00:00,nifty,15793.35,15795.1,15775.2,15777.95,1e+100
2021-07-27 12:40:00+00:00,nifty,15777.5,15780.7,15767.0,15772.35,1e+100
2021-07-27 12:45:00+00:00,nifty,15772.25,15790.9,15772.25,15782.05,1e+100
2021-07-27 12:50:00+00:00,nifty,15781.75,15784.65,15768.15,15768.75,1e+100
2021-07-27 12:55:00+00:00,nifty,15769.15,15769.45,15747.4,15750.0,1e+100
2021-07-27 13:00:00+00:00,nifty,15750.35,15755.55,15742.55,15747.9,1e+100
2021-07-27 13:05:00+00:00,nifty,15748.0,15748.4,15715.35,15717.5,1e+100
2021-07-27 13:10:00+00:00,nifty,15717.3,15721.7,15701.0,15715.4,1e+100
2021-07-27 13:15:00+00:00,nifty,15715.15,15729.65,15712.25,15729.15,1e+100
2021-07-27 13:20:00+00:00,nifty,15729.7,15739.4,15728.1,15737.75,1e+100
2021-07-27 13:25:00+00:00,nifty,15738.05,15754.75,15735.1,15753.95,1e+100
2021-07-27 13:30:00+00:00,nifty,15754.0,15755.35,15744.15,15751.95,1e+100
2021-07-27 13:35:00+00:00,nifty,15751.9,15755.7,15742.9,15742.9,1e+100
2021-07-27 13:40:00+00:00,nifty,15742.25,15777.7,15740.1,15773.0,1e+100
2021-07-27 13:45:00+00:00,nifty,15772.5,15773.0,15755.3,15757.45,1e+100
2021-07-27 13:50:00+00:00,nifty,15757.65,15759.1,15744.8,15746.5,1e+100
2021-07-27 13:55:00+00:00,nifty,15747.1,15748.25,15728.1,15729.35,1e+100
2021-07-27 14:00:00+00:00,nifty,15729.65,15740.15,15724.75,15730.85,1e+100
2021-07-27 14:05:00+00:00,nifty,15731.15,15738.2,15727.9,15732.3,1e+100
2021-07-27 14:10:00+00:00,nifty,15732.4,15736.25,15720.4,15725.3,1e+100
2021-07-27 14:15:00+00:00,nifty,15724.85,15728.3,15713.65,15723.75,1e+100
2021-07-27 14:20:00+00:00,nifty,15724.0,15725.2,15712.7,15714.95,1e+100
2021-07-27 14:25:00+00:00,nifty,15715.25,15723.95,15712.95,15712.95,1e+100
2021-07-27 14:30:00+00:00,nifty,15713.5,15725.05,15708.75,15715.3,1e+100
2021-07-27 14:35:00+00:00,nifty,15715.2,15719.75,15709.35,15715.05,1e+100
2021-07-27 14:40:00+00:00,nifty,15714.8,15731.85,15714.8,15731.75,1e+100
2021-07-27 14:45:00+00:00,nifty,15731.7,15738.35,15726.5,15733.6,1e+100
2021-07-27 14:50:00+00:00,nifty,15733.5,15739.3,15731.0,15731.7,1e+100
2021-07-27 14:55:00+00:00,nifty,15731.5,15732.55,15724.25,15726.5,1e+100
2021-07-27 15:00:00+00:00,nifty,15727.3,15752.1,15727.3,15751.2,1e+100
2021-07-27 15:05:00+00:00,nifty,15750.75,15752.55,15742.15,15750.6,1e+100
2021-07-27 15:10:00+00:00,nifty,15749.8,15752.05,15745.55,15745.85,1e+100
2021-07-27 15:15:00+00:00,nifty,15745.4,15750.3,15739.5,15739.5,1e+100
2021-07-27 15:20:00+00:00,nifty,15740.2,15752.2,15739.85,15748.4,1e+100
2021-07-27 15:25:00+00:00,nifty,15748.15,15750.4,15741.2,15747.2,1e+100
2021-07-27 15:30:00+00:00,nifty,15744.65,15746.45,15744.65,15746.45,1e+100
2021-07-28 09:05:00+00:00,nifty,15761.55,15761.55,15761.55,15761.55,1e+100
2021-07-28 09:15:00+00:00,nifty,15767.5,15767.5,15656.1,15668.25,1e+100
2021-07-28 09:20:00+00:00,nifty,15670.1,15677.2,15659.75,15669.9,1e+100
2021-07-28 09:25:00+00:00,nifty,15670.2,15684.9,15660.45,15684.9,1e+100
2021-07-28 09:30:00+00:00,nifty,15684.55,15686.25,15672.55,15681.25,1e+100
2021-07-28 09:35:00+00:00,nifty,15681.55,15686.1,15664.75,15666.3,1e+100
2021-07-28 09:40:00+00:00,nifty,15666.4,15666.4,15640.55,15645.15,1e+100
2021-07-28 09:45:00+00:00,nifty,15644.05,15645.7,15629.5,15631.45,1e+100
2021-07-28 09:50:00+00:00,nifty,15632.05,15644.45,15626.25,15644.45,1e+100
2021-07-28 09:55:00+00:00,nifty,15643.5,15651.35,15635.65,15651.3,1e+100
2021-07-28 10:00:00+00:00,nifty,15651.4,15657.7,15647.6,15649.2,1e+100
2021-07-28 10:05:00+00:00,nifty,15648.5,15662.2,15647.25,15654.0,1e+100
2021-07-28 10:10:00+00:00,nifty,15653.85,15656.95,15643.15,15649.7,1e+100
2021-07-28 10:15:00+00:00,nifty,15648.2,15654.45,15636.8,15641.45,1e+100
2021-07-28 10:20:00+00:00,nifty,15641.0,15641.8,15609.8,15612.75,1e+100
2021-07-28 10:25:00+00:00,nifty,15612.7,15616.6,15604.35,15610.0,1e+100
2021-07-28 10:30:00+00:00,nifty,15610.05,15610.05,15583.25,15595.5,1e+100
2021-07-28 10:35:00+00:00,nifty,15596.0,15604.75,15585.2,15585.2,1e+100
2021-07-28 10:40:00+00:00,nifty,15585.0,15586.6,15550.05,15551.55,1e+100
2021-07-28 10:45:00+00:00,nifty,15551.25,15555.05,15513.45,15552.7,1e+100
2021-07-28 10:50:00+00:00,nifty,15552.35,15568.5,15550.5,15558.7,1e+100
2021-07-28 10:55:00+00:00,nifty,15558.4,15565.1,15544.15,15548.15,1e+100
2021-07-28 11:00:00+00:00,nifty,15548.55,15551.0,15537.75,15549.6,1e+100
2021-07-28 11:05:00+00:00,nifty,15548.95,15560.15,15548.4,15559.5,1e+100
2021-07-28 11:10:00+00:00,nifty,15559.65,15589.9,15559.3,15587.9,1e+100
2021-07-28 11:15:00+00:00,nifty,15588.95,15599.0,15588.25,15596.95,1e+100
2021-07-28 11:20:00+00:00,nifty,15596.8,15600.5,15588.5,15600.1,1e+100
2021-07-28 11:25:00+00:00,nifty,15599.55,15613.95,15598.95,15610.7,1e+100
2021-07-28 11:30:00+00:00,nifty,15610.75,15612.05,15596.15,15596.15,1e+100
2021-07-28 11:35:00+00:00,nifty,15596.65,15596.65,15585.55,15586.35,1e+100
2021-07-28 11:40:00+00:00,nifty,15587.25,15598.0,15574.75,15597.25,1e+100
2021-07-28 11:45:00+00:00,nifty,15597.35,15603.4,15592.7,15597.85,1e+100
2021-07-28 11:50:00+00:00,nifty,15597.65,15598.25,15589.65,15591.05,1e+100
2021-07-28 11:55:00+00:00,nifty,15591.2,15596.9,15582.85,15596.5,1e+100
2021-07-28 12:00:00+00:00,nifty,15597.1,15625.7,15596.65,15625.7,1e+100
2021-07-28 12:05:00+00:00,nifty,15624.5,15626.35,15615.25,15619.55,1e+100
2021-07-28 12:10:00+00:00,nifty,15619.2,15632.25,15619.2,15632.25,1e+100
2021-07-28 12:15:00+00:00,nifty,15631.6,15636.45,15623.7,15629.05,1e+100
2021-07-28 12:20:00+00:00,nifty,15629.15,15638.35,15624.65,15637.25,1e+100
2021-07-28 12:25:00+00:00,nifty,15636.8,15640.25,15632.35,15637.2,1e+100
2021-07-28 12:30:00+00:00,nifty,15636.6,15638.4,15629.05,15638.4,1e+100
2021-07-28 12:35:00+00:00,nifty,15638.35,15647.05,15635.9,15646.3,1e+100
2021-07-28 12:40:00+00:00,nifty,15646.4,15650.25,15631.05,15633.5,1e+100
2021-07-28 12:45:00+00:00,nifty,15631.55,15644.25,15630.35,15641.65,1e+100
2021-07-28 12:50:00+00:00,nifty,15641.45,15660.05,15641.45,15657.7,1e+100
2021-07-28 12:55:00+00:00,nifty,15657.9,15658.4,15643.45,15643.45,1e+100
2021-07-28 13:00:00+00:00,nifty,15643.1,15658.65,15641.9,15658.45,1e+100
2021-07-28 13:05:00+00:00,nifty,15657.95,15661.05,15651.95,15658.35,1e+100
2021-07-28 13:10:00+00:00,nifty,15658.05,15666.7,15656.5,15666.1,1e+100
2021-07-28 13:15:00+00:00,nifty,15666.05,15676.4,15661.75,15674.4,1e+100
2021-07-28 13:20:00+00:00,nifty,15674.15,15691.0,15673.7,15690.15,1e+100
2021-07-28 13:25:00+00:00,nifty,15690.0,15691.5,15683.1,15689.0,1e+100
2021-07-28 13:30:00+00:00,nifty,15688.85,15691.55,15676.45,15691.5,1e+100
2021-07-28 13:35:00+00:00,nifty,15691.3,15700.45,15686.75,15688.15,1e+100
2021-07-28 13:40:00+00:00,nifty,15687.55,15696.25,15686.25,15695.35,1e+100
2021-07-28 13:45:00+00:00,nifty,15695.15,15710.75,15695.0,15707.55,1e+100
2021-07-28 13:50:00+00:00,nifty,15706.9,15711.85,15702.9,15704.55,1e+100
2021-07-28 13:55:00+00:00,nifty,15704.2,15704.65,15689.05,15699.25,1e+100
2021-07-28 14:00:00+00:00,nifty,15698.35,15702.35,15690.35,15690.35,1e+100
2021-07-28 14:05:00+00:00,nifty,15690.3,15691.0,15679.25,15680.15,1e+100
2021-07-28 14:10:00+00:00,nifty,15679.95,15691.95,15679.3,15688.35,1e+100
2021-07-28 14:15:00+00:00,nifty,15688.3,15693.05,15686.8,15687.5,1e+100
2021-07-28 14:20:00+00:00,nifty,15687.55,15688.2,15646.05,15647.05,1e+100
2021-07-28 14:25:00+00:00,nifty,15646.35,15661.0,15645.65,15652.9,1e+100
2021-07-28 14:30:00+00:00,nifty,15652.6,15664.6,15651.05,15660.6,1e+100
2021-07-28 14:35:00+00:00,nifty,15660.65,15669.4,15655.2,15655.8,1e+100
2021-07-28 14:40:00+00:00,nifty,15654.85,15657.65,15648.7,15654.35,1e+100
2021-07-28 14:45:00+00:00,nifty,15653.4,15667.15,15653.4,15667.15,1e+100
2021-07-28 14:50:00+00:00,nifty,15666.25,15682.5,15666.25,15679.65,1e+100
2021-07-28 14:55:00+00:00,nifty,15679.0,15684.2,15674.7,15684.0,1e+100
2021-07-28 15:00:00+00:00,nifty,15684.6,15702.5,15684.6,15702.5,1e+100
2021-07-28 15:05:00+00:00,nifty,15702.75,15719.4,15702.4,15716.6,1e+100
2021-07-28 15:10:00+00:00,nifty,15717.0,15719.55,15709.5,15713.1,1e+100
2021-07-28 15:15:00+00:00,nifty,15713.15,15716.3,15709.05,15715.3,1e+100
2021-07-28 15:20:00+00:00,nifty,15714.8,15721.9,15709.4,15709.4,1e+100
2021-07-28 15:25:00+00:00,nifty,15709.35,15716.35,15708.0,15714.65,1e+100
2021-07-28 15:30:00+00:00,nifty,15713.85,15713.85,15709.4,15709.4,1e+100
2021-07-29 09:05:00+00:00,nifty,15762.7,15762.7,15762.7,15762.7,1e+100
2021-07-29 09:15:00+00:00,nifty,15770.9,15783.8,15751.85,15774.05,1e+100
2021-07-29 09:20:00+00:00,nifty,15772.6,15785.9,15747.1,15766.35,1e+100
2021-07-29 09:25:00+00:00,nifty,15767.3,15772.4,15746.25,15747.3,1e+100
2021-07-29 09:30:00+00:00,nifty,15748.85,15756.35,15737.8,15742.05,1e+100
2021-07-29 09:35:00+00:00,nifty,15741.9,15754.0,15740.7,15748.9,1e+100
2021-07-29 09:40:00+00:00,nifty,15749.25,15759.65,15747.1,15747.55,1e+100
2021-07-29 09:45:00+00:00,nifty,15748.0,15765.65,15747.15,15762.6,1e+100
2021-07-29 09:50:00+00:00,nifty,15763.1,15768.85,15756.15,15763.25,1e+100
2021-07-29 09:55:00+00:00,nifty,15762.4,15764.85,15755.55,15757.7,1e+100
2021-07-29 10:00:00+00:00,nifty,15757.2,15775.4,15756.85,15772.4,1e+100
2021-07-29 10:05:00+00:00,nifty,15772.65,15779.6,15771.45,15776.5,1e+100
2021-07-29 10:10:00+00:00,nifty,15776.9,15778.35,15770.95,15772.75,1e+100
2021-07-29 10:15:00+00:00,nifty,15772.65,15782.15,15766.9,15766.9,1e+100
2021-07-29 10:20:00+00:00,nifty,15767.05,15775.6,15761.55,15763.5,1e+100
2021-07-29 10:25:00+00:00,nifty,15763.35,15765.35,15747.15,15757.7,1e+100
2021-07-29 10:30:00+00:00,nifty,15757.55,15771.9,15757.55,15770.45,1e+100
2021-07-29 10:35:00+00:00,nifty,15769.85,15781.25,15767.75,15778.65,1e+100
2021-07-29 10:40:00+00:00,nifty,15778.7,15790.05,15778.05,15790.05,1e+100
2021-07-29 10:45:00+00:00,nifty,15790.3,15793.85,15784.65,15792.3,1e+100
2021-07-29 10:50:00+00:00,nifty,15792.25,15797.7,15787.55,15794.35,1e+100
2021-07-29 10:55:00+00:00,nifty,15794.75,15798.75,15791.25,15794.85,1e+100
2021-07-29 11:00:00+00:00,nifty,15795.2,15797.8,15787.0,15792.3,1e+100
2021-07-29 11:05:00+00:00,nifty,15792.75,15796.75,15790.25,15792.2,1e+100
2021-07-29 11:10:00+00:00,nifty,15791.85,15796.85,15790.85,15793.35,1e+100
2021-07-29 11:15:00+00:00,nifty,15793.85,15797.6,15792.0,15797.4,1e+100
2021-07-29 11:20:00+00:00,nifty,15797.2,15801.8,15796.15,15798.9,1e+100
2021-07-29 11:25:00+00:00,nifty,15799.05,15799.05,15790.05,15792.95,1e+100
2021-07-29 11:30:00+00:00,nifty,15793.45,15794.95,15783.9,15785.9,1e+100
2021-07-29 11:35:00+00:00,nifty,15785.3,15788.75,15779.2,15788.65,1e+100
2021-07-29 11:40:00+00:00,nifty,15788.15,15796.5,15788.05,15793.35,1e+100
2021-07-29 11:45:00+00:00,nifty,15793.25,15795.3,15790.3,15793.4,1e+100
2021-07-29 11:50:00+00:00,nifty,15793.25,15793.25,15782.7,15785.95,1e+100
2021-07-29 11:55:00+00:00,nifty,15785.25,15787.1,15780.5,15783.15,1e+100
2021-07-29 12:00:00+00:00,nifty,15783.0,15794.4,15782.7,15788.05,1e+100
2021-07-29 12:05:00+00:00,nifty,15788.0,15794.0,15784.75,15787.55,1e+100
2021-07-29 12:10:00+00:00,nifty,15787.65,15788.85,15780.9,15785.5,1e+100
2021-07-29 12:15:00+00:00,nifty,15785.4,15787.05,15780.35,15785.45,1e+100
2021-07-29 12:20:00+00:00,nifty,15785.1,15787.25,15769.4,15769.7,1e+100
2021-07-29 12:25:00+00:00,nifty,15770.05,15773.85,15764.9,15767.0,1e+100
2021-07-29 12:30:00+00:00,nifty,15767.15,15796.65,15766.5,15792.95,1e+100
2021-07-29 12:35:00+00:00,nifty,15792.75,15793.15,15786.2,15792.1,1e+100
2021-07-29 12:40:00+00:00,nifty,15791.0,15793.75,15785.85,15792.65,1e+100
2021-07-29 12:45:00+00:00,nifty,15792.2,15798.8,15787.55,15790.85,1e+100
2021-07-29 12:50:00+00:00,nifty,15791.05,15794.4,15788.9,15791.35,1e+100
2021-07-29 12:55:00+00:00,nifty,15791.3,15804.0,15789.95,15802.65,1e+100
2021-07-29 13:00:00+00:00,nifty,15803.1,15806.05,15793.5,15804.6,1e+100
2021-07-29 13:05:00+00:00,nifty,15805.05,15805.6,15798.25,15800.45,1e+100
2021-07-29 13:10:00+00:00,nifty,15800.55,15804.25,15794.6,15798.8,1e+100
2021-07-29 13:15:00+00:00,nifty,15798.5,15799.3,15791.65,15798.65,1e+100
2021-07-29 13:20:00+00:00,nifty,15798.9,15806.6,15793.15,15804.65,1e+100
2021-07-29 13:25:00+00:00,nifty,15804.25,15806.65,15798.65,15804.1,1e+100
2021-07-29 13:30:00+00:00,nifty,15804.3,15808.25,15800.6,15807.7,1e+100
2021-07-29 13:35:00+00:00,nifty,15809.6,15812.75,15803.15,15806.85,1e+100
2021-07-29 13:40:00+00:00,nifty,15807.15,15813.0,15804.05,15806.85,1e+100
2021-07-29 13:45:00+00:00,nifty,15806.25,15813.45,15798.3,15798.85,1e+100
2021-07-29 13:50:00+00:00,nifty,15799.0,15807.3,15794.3,15805.25,1e+100
2021-07-29 13:55:00+00:00,nifty,15804.9,15817.35,15802.7,15815.05,1e+100
2021-07-29 14:00:00+00:00,nifty,15814.9,15815.65,15806.2,15809.4,1e+100
2021-07-29 14:05:00+00:00,nifty,15810.05,15810.15,15798.25,15799.65,1e+100
2021-07-29 14:10:00+00:00,nifty,15799.8,15802.1,15793.0,15796.15,1e+100
2021-07-29 14:15:00+00:00,nifty,15796.5,15800.15,15786.55,15786.8,1e+100
2021-07-29 14:20:00+00:00,nifty,15786.55,15793.3,15782.55,15786.75,1e+100
2021-07-29 14:25:00+00:00,nifty,15787.3,15796.75,15782.95,15795.35,1e+100
2021-07-29 14:30:00+00:00,nifty,15795.15,15803.6,15791.25,15802.7,1e+100
2021-07-29 14:35:00+00:00,nifty,15802.75,15803.8,15780.6,15788.35,1e+100
2021-07-29 14:40:00+00:00,nifty,15788.6,15796.5,15786.85,15791.5,1e+100
2021-07-29 14:45:00+00:00,nifty,15791.7,15794.6,15787.8,15791.85,1e+100
2021-07-29 14:50:00+00:00,nifty,15790.9,15793.95,15783.1,15789.15,1e+100
2021-07-29 14:55:00+00:00,nifty,15789.4,15793.85,15786.9,15790.6,1e+100
2021-07-29 15:00:00+00:00,nifty,15791.0,15802.75,15782.3,15783.7,1e+100
2021-07-29 15:05:00+00:00,nifty,15784.2,15785.55,15770.7,15772.85,1e+100
2021-07-29 15:10:00+00:00,nifty,15773.15,15777.6,15767.1,15777.25,1e+100
2021-07-29 15:15:00+00:00,nifty,15777.15,15777.45,15770.4,15772.3,1e+100
2021-07-29 15:20:00+00:00,nifty,15772.65,15783.35,15770.65,15781.65,1e+100
2021-07-29 15:25:00+00:00,nifty,15782.3,15784.85,15774.1,15784.85,1e+100
2021-07-29 15:30:00+00:00,nifty,15783.3,15783.3,15778.45,15778.45,1e+100
2021-07-30 09:05:00+00:00,nifty,15800.6,15800.6,15800.6,15800.6,1e+100
2021-07-30 09:15:00+00:00,nifty,15801.0,15801.0,15744.85,15793.3,1e+100
2021-07-30 09:20:00+00:00,nifty,15792.4,15799.55,15768.0,15785.95,1e+100
2021-07-30 09:25:00+00:00,nifty,15785.8,15786.65,15765.3,15786.2,1e+100
2021-07-30 09:30:00+00:00,nifty,15787.4,15809.15,15778.05,15806.15,1e+100
2021-07-30 09:35:00+00:00,nifty,15806.3,15818.45,15806.3,15812.65,1e+100
2021-07-30 09:40:00+00:00,nifty,15813.8,15814.3,15802.9,15808.15,1e+100
2021-07-30 09:45:00+00:00,nifty,15806.8,15812.3,15794.65,15804.25,1e+100
2021-07-30 09:50:00+00:00,nifty,15804.85,15815.55,15802.75,15815.15,1e+100
2021-07-30 09:55:00+00:00,nifty,15815.05,15820.2,15809.5,15820.0,1e+100
2021-07-30 10:00:00+00:00,nifty,15819.9,15823.25,15815.85,15822.45,1e+100
2021-07-30 10:05:00+00:00,nifty,15822.55,15823.05,15812.5,15819.0,1e+100
2021-07-30 10:10:00+00:00,nifty,15819.65,15820.75,15815.4,15816.35,1e+100
2021-07-30 10:15:00+00:00,nifty,15815.9,15817.7,15801.15,15803.9,1e+100
2021-07-30 10:20:00+00:00,nifty,15803.95,15813.6,15803.95,15808.1,1e+100
2021-07-30 10:25:00+00:00,nifty,15807.85,15809.9,15803.85,15807.55,1e+100
2021-07-30 10:30:00+00:00,nifty,15807.35,15810.6,15796.65,15801.5,1e+100
2021-07-30 10:35:00+00:00,nifty,15801.75,15815.1,15801.1,15811.45,1e+100
2021-07-30 10:40:00+00:00,nifty,15811.95,15814.5,15799.4,15802.95,1e+100
2021-07-30 10:45:00+00:00,nifty,15802.5,15806.85,15795.9,15796.75,1e+100
2021-07-30 10:50:00+00:00,nifty,15796.7,15800.35,15791.4,15796.75,1e+100
2021-07-30 10:55:00+00:00,nifty,15796.8,15806.75,15796.8,15804.6,1e+100
2021-07-30 11:00:00+00:00,nifty,15804.8,15812.05,15801.7,15811.15,1e+100
2021-07-30 11:05:00+00:00,nifty,15810.65,15812.5,15806.6,15806.75,1e+100
2021-07-30 11:10:00+00:00,nifty,15806.35,15807.75,15800.65,15805.7,1e+100
2021-07-30 11:15:00+00:00,nifty,15805.0,15807.2,15801.1,15802.45,1e+100
2021-07-30 11:20:00+00:00,nifty,15802.85,15806.75,15800.25,15804.0,1e+100
2021-07-30 11:25:00+00:00,nifty,15803.95,15804.5,15793.0,15794.1,1e+100
2021-07-30 11:30:00+00:00,nifty,15794.2,15804.7,15793.05,15803.25,1e+100
2021-07-30 11:35:00+00:00,nifty,15802.5,15810.35,15802.3,15804.4,1e+100
2021-07-30 11:40:00+00:00,nifty,15804.15,15810.45,15801.2,15809.7,1e+100
2021-07-30 11:45:00+00:00,nifty,15809.4,15816.55,15808.75,15812.0,1e+100
2021-07-30 11:50:00+00:00,nifty,15811.9,15815.45,15809.45,15811.65,1e+100
2021-07-30 11:55:00+00:00,nifty,15811.7,15815.55,15809.15,15810.55,1e+100
2021-07-30 12:00:00+00:00,nifty,15810.1,15819.35,15808.5,15809.6,1e+100
2021-07-30 12:05:00+00:00,nifty,15809.0,15816.65,15809.0,15815.85,1e+100
2021-07-30 12:10:00+00:00,nifty,15816.25,15821.15,15812.65,15817.8,1e+100
2021-07-30 12:15:00+00:00,nifty,15818.35,15819.15,15812.0,15812.75,1e+100
2021-07-30 12:20:00+00:00,nifty,15811.7,15817.55,15807.5,15811.45,1e+100
2021-07-30 12:25:00+00:00,nifty,15810.75,15814.5,15810.2,15811.1,1e+100
2021-07-30 12:30:00+00:00,nifty,15810.3,15814.95,15809.9,15811.65,1e+100
2021-07-30 12:35:00+00:00,nifty,15810.9,15813.55,15802.05,15808.85,1e+100
2021-07-30 12:40:00+00:00,nifty,15809.2,15816.1,15808.75,15814.1,1e+100
2021-07-30 12:45:00+00:00,nifty,15814.3,15820.0,15809.65,15819.7,1e+100
2021-07-30 12:50:00+00:00,nifty,15820.5,15822.75,15813.75,15813.9,1e+100
2021-07-30 12:55:00+00:00,nifty,15813.55,15814.6,15809.1,15809.75,1e+100
2021-07-30 13:00:00+00:00,nifty,15809.9,15814.1,15804.5,15808.8,1e+100
2021-07-30 13:05:00+00:00,nifty,15808.35,15809.85,15804.4,15806.9,1e+100
2021-07-30 13:10:00+00:00,nifty,15806.8,15812.8,15806.8,15810.1,1e+100
2021-07-30 13:15:00+00:00,nifty,15809.85,15813.25,15807.1,15811.15,1e+100
2021-07-30 13:20:00+00:00,nifty,15810.75,15814.0,15809.2,15812.9,1e+100
2021-07-30 13:25:00+00:00,nifty,15812.65,15819.95,15812.45,15815.45,1e+100
2021-07-30 13:30:00+00:00,nifty,15815.85,15816.0,15807.75,15814.05,1e+100
2021-07-30 13:35:00+00:00,nifty,15813.45,15817.4,15811.1,15815.7,1e+100
2021-07-30 13:40:00+00:00,nifty,15815.85,15836.6,15815.05,15832.5,1e+100
2021-07-30 13:45:00+00:00,nifty,15832.05,15844.55,15832.05,15841.4,1e+100
2021-07-30 13:50:00+00:00,nifty,15841.65,15854.75,15834.75,15854.0,1e+100
2021-07-30 13:55:00+00:00,nifty,15854.35,15857.95,15850.55,15856.25,1e+100
2021-07-30 14:00:00+00:00,nifty,15856.3,15858.3,15845.3,15849.1,1e+100
2021-07-30 14:05:00+00:00,nifty,15848.8,15854.15,15846.65,15851.8,1e+100
2021-07-30 14:10:00+00:00,nifty,15852.65,15857.2,15848.25,15853.75,1e+100
2021-07-30 14:15:00+00:00,nifty,15853.45,15858.35,15848.9,15854.15,1e+100
2021-07-30 14:20:00+00:00,nifty,15853.95,15862.8,15851.7,15853.3,1e+100
2021-07-30 14:25:00+00:00,nifty,15853.5,15854.15,15839.7,15846.95,1e+100
2021-07-30 14:30:00+00:00,nifty,15847.1,15848.05,15832.45,15837.85,1e+100
2021-07-30 14:35:00+00:00,nifty,15837.65,15839.95,15826.15,15826.3,1e+100
2021-07-30 14:40:00+00:00,nifty,15827.1,15831.95,15821.85,15829.65,1e+100
2021-07-30 14:45:00+00:00,nifty,15829.6,15830.25,15798.2,15798.3,1e+100
2021-07-30 14:50:00+00:00,nifty,15798.5,15798.5,15779.15,15782.1,1e+100
2021-07-30 14:55:00+00:00,nifty,15781.5,15787.85,15779.9,15787.1,1e+100
2021-07-30 15:00:00+00:00,nifty,15785.85,15785.95,15767.95,15785.05,1e+100
2021-07-30 15:05:00+00:00,nifty,15784.9,15786.75,15757.6,15758.6,1e+100
2021-07-30 15:10:00+00:00,nifty,15758.65,15758.75,15745.85,15748.95,1e+100
2021-07-30 15:15:00+00:00,nifty,15749.05,15757.95,15747.65,15750.8,1e+100
2021-07-30 15:20:00+00:00,nifty,15751.25,15770.95,15751.25,15770.8,1e+100
2021-07-30 15:25:00+00:00,nifty,15770.9,15776.35,15765.65,15773.65,1e+100
2021-07-30 15:30:00+00:00,nifty,15774.55,15774.55,15763.05,15763.05,1e+100
